,"Momentum(AAPL,20d)","MeanReversion(AAPL,20d,z>1.0)","SMACross(AAPL,20/50)","RSI(AAPL,14d,buy<30)","BollingerBreakout(AAPL,20d,k=2.0)",BuyHold(AAPL),EqualWeight(SMA20>50),"InverseVol(SMA20>50,vol60d)",EW_Universe(passive),BM1_SMACross(20/50),"BM2_TopK_Mom(30d,K=10)","NEW1_TopKLongMomInvVol(L90,K8)","NEW2_RegimeMom(L60,K10,50/200)"
2022-02-09,1000000.0,1000000.0,1000000.0,1000000.0,1000000.0,1000000.0,1000000.0,1000000.0,1000000.0,1000000.0,1000000.0,1000000.0,1000000.0
2022-02-10,976401.179941003,1000000.0,1000000.0,1000000.0,1000000.0,976401.179941003,987285.1645108978,983834.8664837718,981622.6143582232,987285.1645108978,989013.9835413109,968244.3264395264,1000000.0
2022-02-11,976401.179941003,1000000.0,1000000.0,1000000.0,1000000.0,956659.8593147265,982557.9116676567,980538.3608314884,957363.9794365608,982557.9116676567,983145.4787949561,943723.3907440807,1000000.0
2022-02-14,976401.179941003,1000000.0,1000000.0,1000000.0,1000000.0,958021.3297027455,973838.3611331986,972426.5074609092,954755.0727900575,973838.3611331986,977911.6434998569,935719.263658276,1000000.0
2022-02-15,976401.179941003,1000000.0,1000000.0,1000000.0,1000000.0,980201.9514408894,983081.5266320131,978084.294258519,980465.2250944473,983081.5266320131,995424.3775672141,967610.5016616402,1000000.0
2022-02-16,975044.9887077961,1000000.0,1000000.0,1000000.0,1000000.0,978840.4810528705,986538.3206595026,980397.3227522401,977248.2902116794,986538.3206595026,1007790.6633430365,971531.4342089635,1000000.0
2022-02-17,954306.5644333387,1000000.0,1000000.0,1000000.0,1000000.0,958021.3297027455,974509.497854845,970746.7263479707,949458.0273048916,974509.497854845,988700.8018574123,945183.7237594633,1000000.0
2022-02-18,945378.3054813925,1000000.0,1000000.0,1000000.0,1000000.0,949058.3163149535,968793.0671206546,968501.3023685566,937849.5401134737,968793.0671206546,968553.6575400026,934907.2020011547,1000000.0
2022-02-22,928538.9310024054,1000000.0,1000000.0,1000000.0,1000000.0,932153.3923303834,959692.4999770749,962138.3630217568,927464.9205202702,959692.4999770749,956246.5998993913,925350.3509145201,1000000.0
2022-02-23,904523.0445810311,974135.8325219085,1000000.0,1000000.0,1000000.0,908044.0208758792,951503.1493679697,953641.0156699298,906159.2483048575,951503.1493679697,941145.6418668609,910357.3745543563,1000000.0
2022-02-24,919610.6720504592,990384.6153846155,1000000.0,1016680.2024114451,1000000.0,923190.3789425914,941332.2455618143,942105.3602153305,936752.0275115394,941332.2455618143,937942.1035275284,920452.5217608499,1000000.0
2022-02-25,931533.8533090708,1003225.4138266797,1000000.0,1029861.9354032611,1000000.0,935159.9727705922,961112.8608779149,963011.1904518186,951756.5873572357,961112.8608779149,959222.0651174351,935959.6183446036,1000000.0
2022-02-28,933059.5684464287,1004868.5491723467,1000000.0,1031548.6974448679,1000000.0,936691.6269571137,950509.9323926746,952462.1382068667,954584.8331988588,950509.9323926746,960266.8951368367,936589.6717205145,1000000.0
2022-03-01,933059.5684464287,993184.0311587147,1000000.0,1019553.9451489974,1000000.0,925799.8638529611,934887.781400953,936843.7004692333,942276.4040394756,934887.781400953,948649.8492679087,917521.922646819,1000000.0
2022-03-02,933059.5684464287,1013631.9376825707,1000000.0,1040544.7616667709,1000000.0,944860.449285228,958911.6745430533,959230.2111754065,960048.0368506532,958911.6745430533,961544.1970998711,950392.9471442547,1000000.0
2022-03-03,933059.5684464287,1013631.9376825707,1000000.0,1038483.163615918,1000000.0,942988.4275017017,946445.5676202037,953052.0828977452,946483.9529507204,946445.5676202037,935947.2331411149,942895.288942139,1000000.0
2022-03-04,933059.5684464287,1013631.9376825707,1000000.0,1019366.5271443743,1000000.0,925629.6800544588,937406.1009632329,947739.7408679787,932099.9606250537,937406.1009632329,923341.4415046517,946325.627483294,1000000.0
2022-03-07,933059.5684464287,989591.0257573912,1000000.0,995189.6045480104,1000000.0,903675.9700476516,900531.5631528179,917026.67471455,896554.5878587111,900531.5631528179,897304.2690964054,929128.6987226469,1000000.0
2022-03-08,933059.5684464287,978036.4789406381,1000000.0,983569.6882613857,1000000.0,893124.5745405038,899841.9856147773,914259.5403506652,891859.0423991706,899841.9856147773,875053.9856594068,914265.3854110355,1000000.0
2022-03-09,933059.5684464287,1012265.2708547827,1000000.0,1017992.1284438059,1000000.0,924381.6655321079,921384.0350121048,928478.3172326699,923620.9386547782,921384.0350121048,884995.3873337823,914858.6160852587,1000000.0
2022-03-10,933059.5684464287,1012265.2708547827,1000000.0,990316.736427813,1000000.0,899251.1912865896,927602.3263135204,934478.9651783423,913384.4007864211,927602.3263135204,881322.4310460977,923102.7483971927,1000000.0
2022-03-11,933059.5684464287,988063.3696654082,1000000.0,966639.59517711,1000000.0,877751.3047424551,912144.1006511188,924744.8359569293,894807.2827185284,912144.1006511188,854661.9795947091,917358.913731073,1000000.0
2022-03-14,933059.5684464287,961818.0361856382,1000000.0,940963.3285437622,1000000.0,854436.1243476288,902404.6428450904,920748.1913042191,877604.5709235602,902404.6428450904,833257.5308858423,906066.1041353128,1000000.0
2022-03-15,933059.5684464287,990362.2309921033,1000000.0,968888.6112325859,1000000.0,879793.5103244839,918850.5264170212,936270.295949635,902318.1115759573,918850.5264170212,848959.6990705417,913888.0569603072,1000000.0
2022-03-16,933059.5684464287,1019097.9975757933,1000000.0,997001.3119260324,1000000.0,905321.0800998411,935930.2290381006,947622.5743692997,941219.0408353305,935930.2290381006,862217.2690247049,913615.5274400603,1000000.0
2022-03-17,933059.5684464287,1019097.9975757933,1000000.0,1003435.9967514214,1000000.0,911164.0571817564,955720.8495325854,962092.2073777898,956099.3880491433,955720.8495325854,875737.5680208871,924556.1006154853,1000000.0
2022-03-18,933059.5684464287,1019097.9975757933,1000000.0,1024426.8132691947,1000000.0,930224.6426140231,963380.3970384676,965120.6139897025,976191.6940917798,963380.3970384676,890692.1035247507,924016.9016626898,1000000.0
2022-03-21,933059.5684464287,1019097.9975757933,1000000.0,1033172.986818267,1000000.0,938166.553210801,962828.2668968576,965034.7097731541,967503.2702483241,962828.2668968576,881468.9873551016,930873.2452433791,1000000.0
2022-03-22,933059.5684464287,1019097.9975757933,1000000.0,1054663.5846817018,1000000.0,957680.9621057408,973636.7403630479,972645.3829936057,984842.5373220191,973636.7403630479,902254.9667459651,936676.4867126405,1000000.0
2022-03-23,940742.0278715001,1019097.9975757933,1000000.0,1063347.2855625665,1000000.0,965566.1447696846,965762.7073496077,964680.3057047536,969394.0745407963,965762.7073496077,899808.9947440319,938079.5351519214,1000000.0
2022-03-24,962076.0518864462,1019097.9975757933,1000000.0,1087461.7354907228,1000000.0,987463.1268436578,984329.3259624223,978880.9743696679,989304.7778133719,984329.3259624223,918415.9249394633,949188.4441681546,1000000.0
2022-03-25,965668.5688837818,1019097.9975757933,1000000.0,1091522.4589242206,1003734.1299477222,991150.4424778761,983518.002466156,981029.6788403683,985812.9550138293,983518.002466156,919683.3662099902,956062.171666612,1000000.0
2022-03-28,970532.2842032514,1019097.9975757933,1000000.0,1097020.0537264948,1008789.5674154076,996142.5005672793,994714.1821347438,990541.221375148,999126.6087807016,994714.1821347438,929177.5327066897,953846.0036043602,1000000.0
2022-03-29,989102.8336048626,1019097.9975757933,1000000.0,1097020.0537264948,1028092.1468374792,1015203.0859995462,1008644.4078412446,1003214.5624874898,1019861.8197875215,1008644.4078412446,944182.7341299019,959200.7729886322,1000000.0
2022-03-30,982525.7640251253,1019097.9975757933,1000000.0,1097020.0537264948,1021255.8166254956,1008452.461992285,1004371.5437220901,1002650.4561252161,1006717.399658898,1004371.5437220901,929943.6749583953,959296.7982583502,1000000.0
2022-03-31,965060.6044688481,1019097.9975757933,1000000.0,1097020.0537264948,1003102.2002642616,990526.4352167008,997002.4169336152,996253.4575953073,994777.123832265,997002.4169336152,921113.8736735651,956632.0862557645,1000000.0
2022-04-01,963402.5197008471,1019097.9975757933,1000000.0,1097020.0537264948,1001378.7556730051,988824.5972316769,999791.84549084,999465.2735050227,996905.2038566077,999791.84549084,933417.2026135147,964203.0803232165,1000000.0
2022-04-04,986228.8200069942,1019097.9975757933,1000000.0,1097020.0537264948,1025104.8428793014,1012253.2334921714,1008915.598512552,1006384.1419094707,1012150.3887506387,1008915.598512552,946894.1310524452,970511.4658636041,1000000.0
2022-04-05,967547.7316208496,1019097.9975757933,1000000.0,1097020.0537264948,1005687.3671511462,993079.1921942364,989531.9008000362,993309.3619681438,989158.893057389,989531.9008000362,917562.9974988587,963058.6723149084,1000000.0
2022-04-06,949695.6856187056,1019097.9975757933,981549.1831372102,1097020.0537264948,987131.613718619,974756.0698888133,977040.3881971986,987825.68781124,974641.7746324,977040.3881971986,888611.409481612,975313.3752856698,1000000.0
2022-04-07,951409.039878973,1019097.9975757933,983320.0045698617,1097020.0537264948,988912.5064629172,976514.6358066711,982443.7358502436,993570.6529614403,977759.0452306332,982443.7358502436,894209.1164804515,975532.8137211582,1000000.0
2022-04-08,940078.7939642997,1019097.9975757933,971609.7338055525,1097020.0537264948,977135.6350893319,964885.409575675,974673.1179660453,988475.0206900208,967678.2770891843,974673.1179660453,897911.0936176411,985006.7986334204,1000000.0
2022-04-11,916091.8343205518,1019097.9975757933,946818.2337484291,1097020.0537264948,952203.1366691561,940265.4867256636,954214.8493550826,969862.6135586973,951833.7760058921,954214.8493550826,875353.6867961475,974546.8950018642,1000000.0
2022-04-12,926648.3073434916,1019097.9975757933,957728.7787044442,1097020.0537264948,963175.733900155,951100.521896982,953370.6934912342,968428.5225345339,948922.9611909912,953370.6934912342,873765.3988972581,977902.7687444831,1000000.0
2022-04-13,941792.1482245674,1019097.9975757933,973380.5552382041,1097020.0537264948,978916.5278336302,966643.9754935331,974366.312945258,986392.4039146523,969795.4613236198,974366.312945258,891114.9891301695,991293.1221347665,1000000.0
2022-04-14,913549.4376762836,1019097.9975757933,944190.5632354622,1097020.0537264948,949560.5216292295,937656.0018152938,957814.1529736704,972408.4471175014,950897.0998347313,957814.1529736704,880854.9964407645,988227.6537511679,1000000.0
2022-04-18,912333.5088464163,1017741.5842448799,942933.8512509996,1097020.0537264948,948296.6622623083,936407.987292943,954405.7989971315,968225.7645849802,947496.0287553947,954405.7989971315,874282.3058966994,980720.224325397,1000000.0
2022-04-19,925211.3005445574,1032107.2345222809,956243.5736318977,1097020.0537264948,961682.0819210663,949625.5956432947,974483.4547699691,985817.6489035465,969735.3477129492,974483.4547699691,891950.7589561136,985694.7857574451,1000000.0
2022-04-20,924271.7191760234,1031059.0969483932,955272.4780075402,1097020.0537264948,960705.4633193542,948661.2207851144,972637.6607395601,988374.4005377213,960846.0187466341,972637.6607395601,873907.9610732254,991517.3551069052,1000000.0
2022-04-21,924271.7191760234,1026065.0296845757,950645.4929738375,1097020.0537264948,956052.162922962,944066.2582255503,952145.551397468,973553.0959770944,937956.0934900873,952145.551397468,845408.2367642522,974879.7198163184,1000000.0
2022-04-22,924271.7191760234,997518.6945839893,924197.4180281047,1097020.0537264948,929453.6680645717,917801.2253233491,923717.628610802,945516.0108539243,913250.0737446434,923717.628610802,823843.1814607667,948922.794106775,1000000.0
2022-04-25,924271.7191760234,1004239.1060871512,930423.854678396,1097020.0537264948,935715.5167461366,923984.5700022691,934307.7959767613,953827.1103362519,925283.1467978868,934307.7959767613,829634.9152250614,946138.1263807386,1000000.0
2022-04-26,924271.7191760234,966752.7740328176,895692.905289615,1056070.3857091994,900787.0396966739,889493.9868391196,906194.9850898378,930462.4094886731,893601.4309776806,906194.9850898378,800598.8886506539,934212.0124025226,1000000.0
2022-04-27,924271.7191760234,965334.7055504989,894379.0700331315,1054521.3028730187,900787.0396966739,888189.2443839347,906962.401316252,932306.3098881592,892119.449874694,906962.401316252,806928.2197279772,937582.6312929993,1000000.0
2022-04-28,924271.7191760234,1008924.8975939428,934765.2233519936,1102138.7622286566,900787.0396966739,928295.8928976627,921381.2348173027,943978.6513148507,916618.1977144189,921381.2348173027,818824.9564786552,946326.7385680382,1000000.0
2022-04-29,924271.7191760234,1008924.8975939428,900548.3834114019,1061795.2570603015,900787.0396966739,894315.8611300205,888182.2040172971,912817.8187854418,882596.456205076,888182.2040172971,795227.7761659884,927400.1473644568,1000000.0
2022-05-02,924271.7191760234,1010908.8285692307,902319.2048440536,1063883.1513177622,900787.0396966739,896074.4270478784,891182.7703830115,912186.3428966292,894837.6519978358,891182.7703830115,791349.4874557629,916480.4146040266,1000000.0
2022-05-03,924271.7191760234,1020636.4901254805,911001.9421912486,1074120.568322086,900787.0396966739,904697.0728386657,888151.1769207099,911267.9523232133,895887.6920860427,888151.1769207099,804722.9280564557,925150.3872217034,1000000.0
2022-05-04,924271.7191760234,1062491.0339267137,911001.9421912486,1118168.4020117428,900787.0396966739,941797.1409121853,909819.6084333964,932779.7881256617,922902.1710194383,909819.6084333964,825346.8701495155,943180.047223889,1000000.0
2022-05-05,924271.7191760234,1062491.0339267137,911001.9421912486,1055868.3314262193,900787.0396966739,889323.8030406171,879563.3816806629,905172.468141534,878615.8589210412,879563.3816806629,804079.543361256,928830.1933363129,1000000.0
2022-05-06,924271.7191760234,1065947.5015372427,911001.9421912486,1059303.2542368805,900787.0396966739,892216.9276151577,863823.4167551101,893202.9397985259,861246.2298390366,863823.4167551101,796490.6920676775,921743.9902968088,1000000.0
2022-05-09,924271.7191760234,1030569.5389353582,911001.9421912486,1024145.8089983473,900787.0396966739,862604.9466757432,837718.1382551205,874311.8378565017,819041.6199431281,837718.1382551205,787246.0340353453,903179.3125452051,1000000.0
2022-05-10,924271.7191760234,1047174.1382408403,911001.9421912486,1040646.9087750535,900787.0396966739,876503.2902201043,841454.6748003457,876557.1534257608,826827.0851569722,841454.6748003457,781976.2860196595,902873.9171689089,1000000.0
2022-05-11,924271.7191760234,992887.2645931209,911001.9421912486,986698.4152193731,900787.0396966739,831064.2160199683,836133.63666978,871438.2343343162,803219.7326273903,836133.63666978,778369.8543107607,904118.6956752856,1000000.0
2022-05-12,924271.7191760234,966184.3579549169,911001.9421912486,960161.952721323,900787.0396966739,808713.410483322,834141.0908041107,870405.0194770775,813115.5134483547,834141.0908041107,768339.7343118356,905877.6494591665,1000000.0
2022-05-13,924271.7191760234,997021.4709508125,911001.9421912486,990806.8523066347,900787.0396966739,834524.61992285,850807.0563982767,884669.6564388075,851065.9209906479,850807.0563982767,785445.825770379,923586.2290057784,1000000.0
2022-05-16,924271.7191760234,986380.9726203604,911001.9421912486,980232.6781640105,900787.0396966739,825618.334467892,852966.3374150167,886818.3293452894,838226.555903969,852966.3374150167,785369.3506695221,927225.4014641736,1000000.0
2022-05-17,924271.7191760234,1011457.3062653745,911001.9421912486,1005152.7063982202,900787.0396966739,846607.6696165192,859941.9974898507,888627.1803799683,860855.4648949945,859941.9974898507,792317.2501386491,934716.85643978,1000000.0
2022-05-18,924271.7191760234,1011457.3062653745,911001.9421912486,948442.8043084786,900787.0396966739,798842.7501701838,830856.4278394209,859874.9462232101,820605.7289971145,830856.4278394209,759159.6299280938,912341.1239024422,1000000.0
2022-05-19,924271.7191760234,986533.5961905213,911001.9421912486,925071.8589104498,900787.0396966739,779158.1574767416,827674.5451061947,856914.728110321,828236.5027634047,827674.5451061947,758717.85398741,914514.8887056707,1000000.0
2022-05-20,924271.7191760234,988257.4262821538,911001.9421912486,926688.2931742904,900787.0396966739,780519.6278647606,812783.5703917367,845710.8378395422,827347.8077207857,812783.5703917367,762501.4751757858,917080.1160304326,1000000.0
2022-05-23,924271.7191760234,1027905.5183897016,911001.9421912486,963866.2812426245,900787.0396966739,811833.4467891991,825015.2255237367,855491.6977556539,836489.0062734907,825015.2255237367,767520.124406742,935517.6863821958,1000000.0
2022-05-24,924271.7191760234,1027905.5183897016,911001.9421912486,945344.6386361176,900787.0396966739,796233.265259814,832542.0832263599,865447.1051973037,818281.2106092031,832542.0832263599,763384.9902230897,944917.4142154003,1000000.0
2022-05-25,924271.7191760234,1029077.2545178175,911001.9421912486,946422.2614786779,900787.0396966739,797140.91218516,838891.8091235725,869639.8491417627,833402.6653579527,838891.8091235725,770527.6517843779,950026.5020851882,1000000.0
2022-05-26,924271.7191760234,1052951.3781281796,911001.9421912486,968378.8268958462,900787.0396966739,815634.2182890855,837854.7427978687,867082.6363016769,855884.2236647271,837854.7427978687,787663.2156413073,952126.6192514776,1000000.0
2022-05-27,924271.7191760234,1052951.3781281796,911001.9421912486,1007846.763504621,900787.0396966739,848876.7869298842,850212.0441940043,879514.6223798443,884412.6641479104,850212.0441940043,806449.0743495307,965349.7680152159,1000000.0
2022-05-31,924271.7191760234,1052951.3781281796,911001.9421912486,1002458.6492918191,900787.0396966739,844338.5523031541,840938.8643876534,870892.606067291,877350.7511394236,840938.8643876534,800543.0703808913,948810.5518265875,1000000.0
2022-06-01,924271.7191760234,1052951.3781281796,911001.9421912486,1001583.0807322387,900787.0396966739,843601.0891763105,835146.7581231379,865963.8094190301,866269.4763586933,835146.7581231379,789609.7902411345,949801.1159126887,1000000.0
2022-06-02,924271.7191760234,1052951.3781281796,911001.9421912486,1018420.9376472451,900787.0396966739,857783.0723848423,842164.4215953387,870001.5273242202,894611.4603593844,842164.4215953387,817656.1114604755,950383.8122074191,1000000.0
2022-06-03,924271.7191760234,1052951.3781281796,911001.9421912486,979155.0553214502,900787.0396966739,824710.687542546,833137.5092307158,862675.0238032808,876017.9191921104,833137.5092307158,803202.3622405458,949142.162355116,1000000.0
2022-06-06,924271.7191760234,1052951.3781281796,911001.9421912486,984273.763823612,900787.0396966739,829022.0104379395,832519.4502881833,860835.764011547,878795.6264037834,832519.4502881833,808808.9109837881,952096.5393844846,1000000.0
2022-06-07,924271.7191760234,1052951.3781281796,911001.9421912486,1001583.0807322387,900787.0396966739,843601.0891763105,844019.5944078434,867354.8747958284,889527.7539391664,844019.5944078434,822949.9341114009,961287.029250185,1000000.0
2022-06-08,924271.7191760234,1052951.3781281796,911001.9421912486,996531.7236577368,900787.0396966739,839346.4942137508,836815.0671630403,855460.8634276978,881556.0921509765,836815.0671630403,816042.3040352938,954495.6617141375,1000000.0
2022-06-09,924271.7191760234,1052951.3781281796,911001.9421912486,960700.7641426031,900787.0396966739,809167.2339459949,817116.919556673,838377.7427646436,857099.5331816232,817116.919556673,783596.1966221294,925922.401736357,1000000.0
2022-06-10,924271.7191760234,1052951.3781281796,911001.9421912486,923590.1275019292,900787.0396966739,777910.1429543907,797551.5814261452,821092.2474591966,828917.5353414621,797551.5814261452,760927.9656069856,911331.0034915177,1000000.0
2022-06-13,924271.7191760234,1012639.3039272539,911001.9421912486,888230.6279804158,900787.0396966739,748127.9782164738,755927.145624525,784126.8306143031,786658.3706181903,755927.145624525,716916.651594203,874223.6184121163,1000000.0
2022-06-14,924271.7191760234,1019396.3754123615,911001.9421912486,894157.553614498,900787.0396966739,753120.036305877,760381.0366259958,783304.216195006,786044.5972981929,760381.0366259958,724128.848297195,864596.7257470281,1000000.0
2022-06-15,924271.7191760234,1039897.9445774037,911001.9421912486,912140.3847997249,900787.0396966739,768266.3943725892,768922.1492315992,791514.933750712,803490.4452961771,768922.1492315992,723683.1041002332,863799.4030711772,1000000.0
2022-06-16,924271.7191760234,998664.4515375997,911001.9421912486,875972.6681462912,900787.0396966739,737803.4944406627,734936.8897701084,760706.3251531712,769272.5206089895,734936.8897701084,698327.3642598337,842552.2579786872,1000000.0
2022-06-17,924271.7191760234,1010182.1870235784,911001.9421912486,886075.382295295,900787.0396966739,746312.6843657817,738165.1804357662,765536.7891250758,780769.5775183581,738165.1804357662,706542.4925870446,843961.5994426497,1000000.0
2022-06-21,924271.7191760234,1043276.4803199575,911001.9421912486,915103.847616766,900787.0396966739,770762.4234172908,760667.1297376059,787034.7560599337,798630.834931249,760667.1297376059,723903.8296698263,873305.7488976638,1000000.0
2022-06-22,924271.7191760234,1043276.4803199575,911001.9421912486,911601.5733784446,900787.0396966739,767812.5709099161,750090.1603168816,778105.5293266915,797397.027161535,750090.1603168816,721056.4815818346,866743.7879944353,1000000.0
2022-06-23,924271.7191760234,1043276.4803199575,911001.9421912486,931268.1902551722,900787.0396966739,784377.1272974813,749586.8337891005,776612.2106798941,811440.5786581901,749586.8337891005,747159.3909459892,879472.9047302677,1000000.0
2022-06-24,924271.7191760234,1043276.4803199575,911001.9421912486,954100.3242319208,900787.0396966739,803607.8965282505,771417.8562830903,798045.0178259308,840845.2795118385,771417.8562830903,770546.6570705759,896299.2616842418,1000000.0
2022-06-27,924271.7191760234,1043276.4803199575,911001.9421912486,954100.3242319208,900787.0396966739,803607.8965282505,766588.6696443171,792710.9667911937,833673.6294759254,766588.6696443171,749250.8493955586,891578.3601033849,1000000.0
2022-06-28,924271.7191760234,1043276.4803199575,911001.9421912486,925678.02175939,900787.0396966739,779668.7088722487,749934.6091318408,775630.731044768,810928.7414875487,749934.6091318408,720896.3850341775,874881.7249100016,1000000.0
2022-06-29,924271.7191760234,1043276.4803199575,911001.9421912486,937733.9273105345,900787.0396966739,789823.0088495575,747110.7196716183,775758.5709754693,807671.7033385073,747110.7196716183,724536.9832205146,879904.1180593868,1000000.0
2022-06-30,924271.7191760234,1043276.4803199575,911001.9421912486,920828.7189678681,900787.0396966739,775584.2977081914,741733.6008869209,771629.495844139,797955.6359485189,741733.6008869209,711877.4785707433,879732.2798076081,1000000.0
2022-07-01,924271.7191760234,1043276.4803199575,911001.9421912486,935713.3844807339,900787.0396966739,788121.1708645337,748470.8160971606,778697.868869837,804318.8144477215,748470.8160971606,729465.9118471137,893316.6459398238,1000000.0
2022-07-05,924271.7191760234,1043276.4803199575,911001.9421912486,953426.8099553206,900787.0396966739,803040.6171999093,749788.9599329833,779032.2529505164,814411.1110082286,749788.9599329833,759262.263293549,888979.4326206654,1000000.0
2022-07-06,924271.7191760234,1043276.4803199575,911001.9421912486,962586.6041170838,900787.0396966739,810755.6160653505,745906.3166451727,778279.3379992483,815370.0178517323,745906.3166451727,749537.9148839216,889135.8650964794,1000000.0
2022-07-07,924271.7191760234,1043276.4803199575,911001.9421912486,985688.1438044726,900787.0396966739,830213.2970274562,755221.9183463816,786578.4255276725,834901.2939197071,755221.9183463816,761690.963448026,890346.5492585873,1000000.0
2022-07-08,924271.7191760234,1043276.4803199575,911001.9421912486,990335.3923130144,900787.0396966739,834127.5243930111,753515.7071753361,786047.3371794865,835296.1834689246,753515.7071753361,765524.8077115561,891236.6722136558,1000000.0
2022-07-11,924271.7191760234,1043276.4803199575,911001.9421912486,990335.3923130144,900787.0396966739,821817.5629680054,736109.8706822983,773515.3213176284,818238.4437994129,736109.8706822983,730918.171229805,882338.7390152686,1000000.0
2022-07-12,930587.9268241512,1043276.4803199575,911001.9421912486,990335.3923130144,900787.0396966739,827433.6283185842,725504.078887762,763516.191516164,810031.4704102844,725504.078887762,706649.6281050267,877979.1654289872,1000000.0
2022-07-13,928227.3239657601,1043276.4803199575,911001.9421912486,990335.3923130144,900787.0396966739,825334.6948037214,724135.8588606066,762203.3731050021,808623.8517668304,724135.8588606066,703914.165272719,876370.8418431485,1000000.0
2022-07-14,947239.746987397,1043276.4803199575,911001.9421912486,990335.3923130144,900787.0396966739,842239.6187882914,718742.9592222713,759784.3367125334,807069.3735218813,718742.9592222713,692699.4646913264,873678.5775696451,1000000.0
2022-07-15,958085.7601205455,1043276.4803199575,911001.9421912486,990335.3923130144,900787.0396966739,851883.367370093,733939.9326619857,775212.2034329302,823853.2169254522,733939.9326619857,703085.4095069183,876741.3872679085,1000000.0
2022-07-18,938307.7361718627,1043276.4803199575,911001.9421912486,990335.3923130144,900787.0396966739,834297.7081915135,726435.1774906116,765062.7478166359,820020.7254849899,726435.1774906116,691421.6427193995,863390.8368354853,1000000.0
2022-07-19,963381.1665326123,1043276.4803199575,911001.9421912486,990335.3923130144,900787.0396966739,856591.7857953255,744911.4563402168,783352.8433887024,847406.2496162377,744911.4563402168,703297.216375233,885020.3465313998,1000000.0
2022-07-20,976396.3822923906,1043276.4803199575,911001.9421912486,990335.3923130144,900787.0396966739,868164.2840934875,756175.858093134,789840.2254695195,862856.8476796427,756175.858093134,714791.9559051208,878275.9138611379,1000000.0
2022-07-21,991134.2001380218,1043276.4803199575,924752.6902731997,990335.3923130144,900787.0396966739,881268.436578171,766169.9227120243,797472.2881154368,873703.3145945424,766169.9227120243,723281.7000820102,884100.7297518895,1000000.0
2022-07-22,983095.3904040412,1043276.4803199575,917252.2822284992,990335.3923130144,893481.0102791148,874120.717041071,752493.4828132235,788258.5406457668,858567.7290406658,752493.4828132235,706338.4792399798,874047.4375423831,1000000.0
2022-07-25,975822.1815971062,1043276.4803199575,910466.1987594843,990335.3923130144,886870.7931870375,867653.7326979804,746574.7318228552,784853.1559100619,855586.067528811,746574.7318228552,698704.1866371093,877069.3838817735,1000000.0
2022-07-26,967209.1711678411,1043276.4803199575,902430.0472830195,990335.3923130144,879042.904525367,859995.4617653732,730359.5604469167,774131.3491534835,839926.100147209,730359.5604469167,680552.0709352578,872782.4753676418,1000000.0
2022-07-27,1000321.4112625712,1043276.4803199575,933324.5851814289,990335.3923130144,909136.7876024557,889437.2589062854,755267.7588930245,794904.1823988322,870999.0888132193,755267.7588930245,707904.1222036425,880500.660096343,1000000.0
2022-07-28,1003894.215588785,1043276.4803199575,936658.0998679625,990335.3923130144,912383.9117880375,892614.0231449966,764384.6614065669,805138.3991664612,883133.6782328892,764384.6614065669,718120.6265565788,888666.4670642492,1000000.0
2022-07-29,1036815.0554517537,1043276.4803199575,967374.0566224505,990335.3923130144,942303.8417837558,921885.6364874063,772069.4699978614,811810.4863611505,890775.3803933272,772069.4699978614,725762.6766668834,894609.0569794811,1000000.0
2022-08-01,1030435.0477263721,1043276.4803199575,961421.351825069,990335.3923130144,936505.405738074,916212.8432039935,770487.6937176617,810471.912516492,890080.194690875,770487.6937176617,719449.9185122221,889617.3370569517,1000000.0
2022-08-02,1020865.0361382999,1043276.4803199575,952492.294628997,990335.3923130144,927807.7516695512,907703.6532788745,773061.4100239846,809939.9658071519,892775.5704826233,773061.4100239846,721668.8869110559,883498.9658456118,1000000.0
2022-08-03,1059910.6834176348,1043276.4803199575,988922.8479889712,990335.3923130144,963294.1802691241,942421.1481733605,800523.7743126611,833228.8018170674,919296.5979877091,800523.7743126611,746429.7829795632,889198.3351356665,1000000.0
2022-08-04,1057869.0809455127,1043276.4803199575,987017.9824538091,990335.3923130144,961438.680734506,940605.8543226685,802599.3554408167,833889.4326813121,922819.9878607832,802599.3554408167,764632.6020739669,892043.9943825656,1000000.0
2022-08-05,1054934.2773918372,1043276.4803199575,984279.7382470137,990335.3923130144,958771.4001534922,937996.3694122985,803995.2043840237,833918.4084470425,921276.2475255907,803995.2043840237,765249.1662696945,898074.0351756917,1000000.0
2022-08-08,1051871.8736836542,1043276.4803199575,981422.4399442706,990335.3923130144,955988.1508515651,935273.4286362606,802120.2917317392,832283.4020776965,920818.7592894698,802120.2917317392,777741.6430077506,897728.3510639232,1000000.0
2022-08-09,1052190.874069923,1043276.4803199575,981720.0751841397,990335.3923130144,956278.072653849,935557.068300431,786714.6704518695,820986.2095624062,903906.3391332028,786714.6704518695,759859.9614118829,899913.8689858298,1000000.0
2022-08-10,1079752.5074435715,1043276.4803199575,1007435.7599088274,990335.3923130144,981327.3163711947,960063.5352847743,813252.5200882751,842850.9440797098,932861.903200309,813252.5200882751,791239.0102690841,906132.5118986218,1000000.0
2022-08-11,1074967.5016495355,1043276.4803199575,1002971.2313107913,990335.3923130144,976978.4893369334,955808.9403222147,808287.083512514,838490.5139929515,928463.9111511641,808287.083512514,779532.886650632,903585.1500235387,1000000.0
2022-08-12,1097999.3295381626,1043276.4803199575,1024460.4956293381,990335.3923130144,997910.8434618447,976287.7240753347,824756.539804517,853517.4512355446,947169.1070451249,824756.539804517,803159.9956622883,916128.2232812126,1000000.0
2022-08-15,1104953.5379588285,1043276.4803199575,1030948.9438584838,990335.3923130144,1004231.1387516379,982471.0687542546,829250.2958008939,859237.2452488784,951292.8870003752,829250.2958008939,805801.7196847753,922607.0475211905,1000000.0
2022-08-16,1103932.7367227676,1043276.4803199575,1029996.5110909028,990335.3923130144,1003303.3889843288,981563.4218289085,827640.1508845779,859937.3450456196,948447.4099611354,827640.1508845779,799749.142858532,918538.3214037556,1000000.0
2022-08-17,1113630.3484653474,1043276.4803199575,1039044.6223829226,990335.3923130144,1012117.0117737653,990186.0676196959,813329.6075513997,848380.433125247,931285.4351299193,813329.6075513997,778259.3568734997,902059.1845399237,1000000.0
2022-08-18,1111078.345375195,1043276.4803199575,1036663.54046397,990335.3923130144,1009797.6373554926,987916.9503063308,815612.3411281512,850894.5986295267,933455.0724261614,815612.3411281512,779813.3523352444,901707.1141933763,1000000.0
2022-08-19,1094298.9250574415,1043276.4803199575,1021007.926846857,990335.3923130144,994547.7505553493,972997.5039709553,798789.2805365577,838271.863399281,914520.8078260688,798789.2805365577,746768.2232613572,883762.2524135899,1000000.0
2022-08-22,1069097.8945421842,1043276.4803199575,997494.7428972003,990335.3923130144,971643.928174906,950589.9705014749,778507.772570172,819274.2791106753,891798.6115839682,778507.772570172,723500.240913307,867381.211535751,1000000.0
2022-08-23,1066928.6919155545,1043276.4803199575,995470.8232660906,990335.3923130144,969672.4599193741,948661.2207851144,778361.2450673819,817853.7580707567,892518.2483271314,778361.2450673819,721339.46554101,870799.6743012412,1000000.0
2022-08-24,1068842.694233169,1043276.4803199575,997256.6347053051,990335.3923130144,971411.9907330787,950363.0587701384,782939.340528503,821111.8094901752,897914.3156203824,782939.340528503,729658.3801647708,874691.0507807973,1000000.0
2022-08-25,1084792.713546623,1043276.4803199575,1012138.3966987586,990335.3923130144,985908.0808472834,964545.0419786703,796029.1836463126,832475.8892196964,913940.883020366,796029.1836463126,743643.6596653874,898865.4410927496,1000000.0
2022-08-26,1043896.8640269273,1043276.4803199575,973981.5589475438,990335.3923130144,948740.1057944627,928182.4370319946,764577.6867747143,802987.8420440018,879074.2504535057,764577.6867747143,709220.0718217688,866541.3906739098,1000000.0
2022-08-29,1029605.6467220726,1028993.7562280573,960647.5002014096,990335.3923130144,935751.6090521354,915475.38007715,757850.3330534057,797525.1212393,872296.0801808917,757850.3330534057,705960.7079680472,865493.7706192314,1000000.0
2022-08-30,1029605.6467220726,1013244.5024302924,945944.3193518774,990335.3923130144,921429.4720193013,901463.5806671205,750524.5554696698,789903.5325155602,863906.8309678416,750524.5554696698,697761.6725110766,862172.5913256624,1000000.0
2022-08-31,1029605.6467220726,1002468.6972002428,935884.2482443029,990335.3923130144,921429.4720193013,891876.5600181529,746369.8203746106,785774.8490911011,860162.9036031757,746369.8203746106,702059.5276801005,863385.7275149247,1000000.0
2022-09-01,1029605.6467220726,1007187.0971234598,940289.2497943653,990335.3923130144,921429.4720193013,896074.4270478784,743269.3194123281,785687.1409699996,856743.9919626971,743269.3194123281,697217.8735466416,851915.1340190007,1000000.0
2022-09-02,1029605.6467220726,993478.2324816806,927490.9344799952,976855.896912451,921429.4720193013,883877.921488541,734123.337351015,775790.9645210752,846256.9913589488,734123.337351015,693026.1199271701,844919.7691477,1000000.0
2022-09-06,1029605.6467220726,985316.6758577377,919871.472339347,968830.8949995575,921429.4720193013,876616.7460857726,730981.1072704783,773795.4975206573,841227.4482065542,730981.1072704783,691776.7240825299,844027.747125938,1000000.0
2022-09-07,1029605.6467220726,994434.664898549,928383.8401996024,977796.3268241183,921429.4720193013,884728.840481053,748789.1820717518,791670.9671969523,860150.9048995946,748789.1820717518,709966.4390168706,869353.836188684,1000000.0
2022-09-08,1029605.6467220726,984870.3407298658,919454.7830035303,968392.0277074463,921429.4720193013,876219.6505559337,758071.1450156142,798334.1359540093,869871.7749511683,758071.1450156142,724042.9671682686,879344.2873857265,1000000.0
2022-09-09,1029605.6467220726,1003425.1296171111,936777.1539639102,986636.3679937901,921429.4720193013,892727.4790106649,774429.8362936515,811476.7358317425,892017.6894428675,774429.8362936515,741213.01988314,880681.2488050426,1000000.0
2022-09-12,1029605.6467220726,1003425.1296171111,972850.5450360414,1024629.7364251453,921429.4720193013,927104.6063081461,781060.0832166071,818234.0403911332,899547.1126294228,781060.0832166071,746736.6035996103,884266.2813998496,1000000.0
2022-09-13,1029605.6467220726,1003425.1296171111,915764.1060291538,964504.9174058884,921429.4720193013,872702.5187202179,745173.9036278465,783007.7942545654,854687.9546794873,745173.9036278465,712329.6405776911,850954.308143713,1000000.0
2022-09-14,1029605.6467220726,1013013.240255028,924514.5820813045,973721.130540227,921429.4720193013,881041.5248468346,752053.3324151179,788327.4952003697,860095.0492103155,752053.3324151179,724240.989826048,856463.6965466383,1000000.0
2022-09-15,1029605.6467220726,1013013.240255028,907013.6299770032,955288.7042715498,921429.4720193013,864363.5125936011,742454.9223586627,777755.8591822006,847749.125871309,742454.9223586627,719395.4008464848,854499.3802145956,1000000.0
2022-09-16,1029605.6467220726,1001910.4502620773,897072.6129653762,944818.5845883214,921429.4720193013,854889.9478103017,735190.7556009137,772800.8990681036,839515.5460702649,735190.7556009137,701108.1589320432,842663.2760688118,1000000.0
2022-09-19,1029605.6467220726,1027041.3162341453,919573.8370994779,968517.4183623351,921429.4720193013,876333.1064216018,742424.0484002293,780144.9705898833,845386.9967135547,742424.0484002293,704323.3733356597,853290.0717830354,1000000.0
2022-09-20,1029605.6467220726,1027041.3162341453,919573.8370994779,983689.6876038995,921429.4720193013,890061.2661674608,733437.2297024556,771345.1138772442,833374.7819452719,733437.2297024556,696897.796186856,842909.5240014648,1000000.0
2022-09-21,1029605.6467220726,1027041.3162341453,919573.8370994779,963752.5734765546,921429.4720193013,872021.7835262083,719677.1200929923,758321.669596209,819820.8814534432,719677.1200929923,682450.5281211964,822800.6793911856,1000000.0
2022-09-22,1029605.6467220726,1027041.3162341453,919573.8370994779,957608.4313869956,921429.4720193013,866462.4461084639,703692.7783413304,743795.0684295972,803783.3141995029,703692.7783413304,667545.881327133,802667.411982909,1000000.0
2022-09-23,1029605.6467220726,1027041.3162341453,919573.8370994779,943125.8107473205,921429.4720193013,853358.2936237804,689897.5841248394,730553.9022510194,792435.5963935559,689897.5841248394,649128.9287773675,785342.6624981393,1000000.0
2022-09-26,1029605.6467220726,1029362.6221406773,919573.8370994779,945257.4518804329,921429.4720193013,855287.0433401407,683206.7405860381,723147.9613724004,784802.0968336795,683206.7405860381,646258.9032139829,780435.0511498154,1000000.0
2022-09-27,1029605.6467220726,1036121.7187508733,919573.8370994779,951464.2892974364,921429.4720193013,860903.1086907192,688657.9338637936,725496.9353008007,787679.1244649749,688657.9338637936,644319.6437483418,785914.0258911992,1000000.0
2022-09-28,1029605.6467220726,1036121.7187508733,919573.8370994779,939426.7864280962,921429.4720193013,850011.3455865668,710027.9498815943,745293.28076263,808021.3956625034,710027.9498815943,660268.3304958048,813061.4262950236,1000000.0
2022-09-29,1029605.6467220726,985228.3935372692,919573.8370994779,893283.0254289585,921429.4720193013,808259.5870206489,694195.2002133309,728063.5928551407,789355.9458813416,694195.2002133309,649478.6389798812,789045.2122910175,1000000.0
2022-09-30,1029605.6467220726,955632.8185489235,919573.8370994779,866449.4252827208,921429.4720193013,783980.0317676424,686601.0972214277,719407.6590359234,779242.1908342292,686601.0972214277,644966.136118566,781862.1345202139,1000000.0
2022-10-03,1029605.6467220726,985020.947918192,919573.8370994779,893094.9394466251,921429.4720193013,808089.4032221466,705509.5439135343,739573.4195956048,802785.6099788818,705509.5439135343,663206.0436289797,797374.6790493712,1000000.0
2022-10-04,1029605.6467220726,1010260.1649059169,919573.8370994779,915978.7339638604,921429.4720193013,828795.098706603,726025.4224545964,761495.2764028355,831864.5702041945,726025.4224545964,686251.7723862748,830054.3568805188,1000000.0
2022-10-05,1029605.6467220726,1010260.1649059169,919573.8370994779,917859.5937871949,921429.4720193013,830496.9366916269,727489.3256003681,763131.9885104423,832115.5466701052,727489.3256003681,687231.7466040315,829106.233326843,1000000.0
2022-10-06,1029605.6467220726,1010260.1649059169,919573.8370994779,911778.1470250803,921429.4720193013,824994.3272067166,726603.4935433199,760592.5277982542,826744.6490131475,726603.4935433199,687164.557516613,835908.9087934744,1000000.0
2022-10-07,1029605.6467220726,1010260.1649059169,919573.8370994779,878298.8421697277,921429.4720193013,794701.6110732926,712815.1689258408,747608.6097163114,796818.590454828,712815.1689258408,671748.1128895882,821113.2435372632,1000000.0
2022-10-10,1029605.6467220726,1012639.9625675555,919573.8370994779,880367.7879753954,921429.4720193013,796573.6328568186,701852.3941820113,740811.3608699606,785861.405714828,701852.3941820113,658855.741074658,805213.0853754283,1000000.0
2022-10-11,1029605.6467220726,1002255.3909531324,919573.8370994779,871339.6608233902,921429.4720193013,788404.8105287043,688371.583410625,731520.8848008455,774257.9515614233,688371.583410625,654805.0000251373,779322.2593579725,1000000.0
2022-10-12,1029605.6467220726,997640.0257911667,919573.8370994779,867327.1598669436,921429.4720193013,784774.2228273202,686748.4466538243,729141.1644441702,772785.9711106867,686748.4466538243,650998.1447693594,772040.4407707886,1000000.0
2022-10-13,1029605.6467220726,1031173.5382960745,919573.8370994779,896480.4871286271,921429.4720193013,811152.7115951895,703761.2010386011,747343.3551534907,788320.7450096603,703761.2010386011,665419.6544247571,788791.1305207871,1000000.0
2022-10-14,1029605.6467220726,1031173.5382960745,919573.8370994779,867577.9411767215,921429.4720193013,785001.1345586566,686251.4122443665,730783.3847833427,764430.3230944441,686251.4122443665,649278.6661152533,773510.7902703127,1000000.0
2022-10-17,1029605.6467220726,1061204.101667466,919573.8370994779,892844.1581368472,921429.4720193013,807862.4914908101,706112.529850575,749050.7166407225,788794.9928247515,706112.529850575,657908.546059457,794954.8510738381,1000000.0
2022-10-18,1029605.6467220726,1061204.101667466,919573.8370994779,901245.3320144075,921429.4720193013,815464.0344905831,708406.749234626,751440.977405188,797489.3770585062,708406.749234626,659443.6049138409,796733.2204868749,1000000.0
2022-10-19,1029605.6467220726,1061204.101667466,919573.8370994779,901934.9806162969,921429.4720193013,816088.0417517587,693246.1949982618,738289.4356449359,791268.7352382377,693246.1949982618,658725.7913352865,799146.940888063,1000000.0
2022-10-20,1029605.6467220726,1061204.101667466,919573.8370994779,898988.3002264062,921429.4720193013,813421.8289085545,685795.3106795563,731473.1167222979,789754.8549589388,685795.3106795563,654780.920807647,791554.7273819078,1000000.0
2022-10-21,1029605.6467220726,1061204.101667466,919573.8370994779,923314.0872748648,921429.4720193013,835432.2668481962,707482.5000179398,752616.0332840087,808245.0017706421,707482.5000179398,676723.6844852077,818414.9881768558,1000000.0
2022-10-24,1029605.6467220726,1061204.101667466,919573.8370994779,936981.6686577614,921429.4720193013,847798.9562060357,719650.0684877082,768050.0047984096,812366.6281787183,719650.0684877082,684277.4797397793,830355.4750679159,1000000.0
2022-10-25,1029605.6467220726,1061204.101667466,919573.8370994779,955100.6182892163,921429.4720193013,864193.3287950987,728077.5846955428,774967.5225305462,831942.9744314173,728077.5846955428,691373.4591642875,846663.0283655687,1000000.0
2022-10-26,1009397.4224625281,1061204.101667466,919573.8370994779,936354.7153833166,903344.4377450612,847231.6768776946,733000.1177905353,781021.398878875,826311.0578735658,733000.1177905353,698969.6212915201,864055.6003820444,1000000.0
2022-10-27,1009397.4224625281,1061204.101667466,919573.8370994779,907828.3413960781,875823.7334146963,821420.4674381666,734217.5437251709,783375.1813424554,822422.1686554351,734217.5437251709,696079.3992536244,881755.8007397829,1000000.0
2022-10-28,1085659.9072811748,1061204.101667466,919573.8370994779,976417.0296203397,941994.3939364972,883480.8259587021,762807.6823720444,814799.772958349,845392.8250670129,762807.6823720444,721420.8537763419,917366.0221744926,1000000.0
2022-10-31,1068929.563262459,1061204.101667466,919573.8370994779,961370.1510336644,927477.9784655353,869866.1220785114,763576.7402904704,815929.8024392725,837392.1365227719,763576.7402904704,719438.5712051818,918616.2055061033,1000000.0
2022-11-01,1050177.636008148,1061204.101667466,919573.8370994779,944505.1079510992,911207.4961251656,854606.3081461311,761834.0859639836,814511.508230084,837687.050650871,761834.0859639836,715897.2116888243,916682.3678295631,1000000.0
2022-11-02,1011000.747097655,1061204.101667466,919573.8370994779,909270.3339273011,877214.8898973301,822725.2098933515,742593.8577889223,796325.2411724549,810600.796739382,742593.8577889223,696105.8645692704,896618.9463085355,1000000.0
2022-11-03,1011000.747097655,1061204.101667466,919573.8370994779,870712.7075489456,840016.5752529904,787837.5312003631,737553.0431435591,791919.1889234792,801090.1516580125,737553.0431435591,698017.7350277527,899799.6798472111,1000000.0
2022-11-04,1011000.747097655,1057383.522384389,919573.8370994779,867577.9411767215,836992.3220298733,785001.1345586566,746680.4438095632,802325.7773002353,810634.1876394256,746680.4438095632,711301.4860019118,909612.4033563052,1000000.0
2022-11-07,1011000.747097655,1061509.7480101122,919573.8370994779,870963.4888587234,840258.5155108396,788064.4429316996,750124.3221224647,807879.9737224838,817905.5406348626,750124.3221224647,719264.7744179425,904021.7583431874,1000000.0
2022-11-08,1011000.747097655,1065941.6199784817,919573.8370994779,874599.8178505034,843766.6492496555,791354.6630360789,750524.2299628025,810449.9686144952,824574.1288811937,750524.2299628025,711047.5275855099,882849.6679525466,1000000.0
2022-11-09,977445.6685380698,1065941.6199784817,919573.8370994779,845571.8812437089,815762.0644035917,765089.630133878,738614.4778962045,800674.3179117792,806845.7610007176,738614.4778962045,710323.5562856378,886235.5948799076,1000000.0
2022-11-10,977445.6685380698,1160783.3152386714,919573.8370994779,920806.2741770855,888344.1417584008,833163.1495348309,775815.6368260946,836442.9739071346,865762.4704723491,775815.6368260946,736729.8048327788,933798.645509164,1000000.0
2022-11-11,996279.8160287944,1160783.3152386714,919573.8370994779,938549.0518438733,905461.4150012431,849217.154526889,782129.3018023763,838496.0426922938,882211.5911427212,782129.3018023763,751725.3238339883,939253.1521121066,1000000.0
2022-11-14,986829.4664044732,1160783.3152386714,919573.8370994779,929646.3153467572,896872.5358475909,841161.7880644429,774673.5487927223,831660.4212446639,871395.3686010774,774673.5487927223,736071.7602256126,935275.0538017118,1000000.0
2022-11-15,998542.5757979981,1160783.3152386714,919573.8370994779,940680.6929769857,907517.9071929628,851145.9042432493,786144.7164892948,842051.4478264876,887052.4615831665,786144.7164892948,754080.2038148155,954834.9091017463,1000000.0
2022-11-16,990223.6060582787,1160783.3152386714,919573.8370994779,932843.7770464257,899957.2741351702,844054.9126389833,775198.3163131797,833892.7491331324,869836.8157161409,775198.3163131797,741005.3187976808,934983.8819280976,1000000.0
2022-11-17,1003068.0953364054,1160783.3152386714,919573.8370994779,944943.9752432104,911630.891576402,855003.40367597,773055.1108344567,832780.7356091859,864938.8012911235,773055.1108344567,734687.812933554,921485.5461379681,1000000.0
2022-11-18,1006861.5455377174,1160783.3152386714,919573.8370994779,948517.6089075458,915078.5402507554,858236.8958475153,775219.1436376075,836938.6955943126,866986.8053983226,775219.1436376075,725941.4746114707,924844.851914081,1000000.0
2022-11-21,985032.5689406937,1160783.3152386714,919573.8370994779,927953.5415057562,895239.4391071076,839630.1338779214,770414.7784249476,834749.8349742332,857986.9661008719,770414.7784249476,719468.8368841636,918745.9255740752,1000000.0
2022-11-22,985032.5689406937,1160783.3152386714,919573.8370994779,941558.4275612086,908364.6980954356,851940.0953029272,781625.2268701843,846154.2245079773,869627.6699503596,781625.2268701843,732572.352872358,928395.3719482343,1000000.0
2022-11-23,985032.5689406937,1160783.3152386714,919573.8370994779,947138.3117037673,913747.8688325839,856988.8813251645,785963.0864042758,849876.416241157,878519.1114587013,785963.0864042758,743139.9781443666,933374.3761180576,1000000.0
2022-11-25,965732.2683908531,1160783.3152386714,901556.1065254762,928580.4947802011,895844.2897517311,840197.4132062629,783120.5467102085,847845.6255132655,875747.3416291205,783120.5467102085,736190.8954809415,934634.1126574767,1000000.0
2022-11-28,940368.02206015,1160783.3152386714,877877.3997913995,904192.0124042982,872315.5996758804,818130.2473337871,773415.2925718969,837366.5786254028,864332.5278397688,773415.2925718969,728488.2555893435,922811.342841299,1000000.0
2022-11-29,940368.02206015,1160783.3152386714,877877.3997913995,885069.9375337315,853867.6550148664,800828.2278193783,771149.4626137072,834711.2211773266,860533.8693829257,771149.4626137072,727352.7114337942,920542.5197292609,1000000.0
2022-11-30,940368.02206015,1160783.3152386714,877877.3997913995,928078.9321606453,895360.4092360323,839743.5897435897,800060.4314739269,862119.154210113,894432.0917135397,800060.4314739269,765694.7469618729,947075.0690871985,1000000.0
2022-12-01,940368.02206015,1160783.3152386714,877877.3997913995,929834.4013290907,897053.9910409779,841331.9718629452,802122.6112618056,863862.0241192697,900134.0201625807,802122.6112618056,771572.6937542773,952093.3856059184,1000000.0
2022-12-02,937197.7435150077,1160783.3152386714,877877.3997913995,926699.6349568666,894029.7378178608,838495.575221239,799745.1587831427,861981.7674918545,896673.8756833564,799745.1587831427,769679.8158807307,964834.1124829595,1000000.0
2022-12-05,929715.8861484715,1160783.3152386714,870869.109880339,919301.5863184179,886892.5002113045,831801.679146812,786012.7701218183,848187.4788525018,877365.855900197,786012.7701218183,758456.1450992409,947681.21937881,1000000.0
2022-12-06,906129.0137726117,1160783.3152386714,848775.1789742839,895978.9245090712,864392.0562313137,810698.8881325164,774176.5834454254,836890.1472165082,860077.0143534052,774176.5834454254,738200.649988169,931891.1890351048,1000000.0
2022-12-07,893638.1163047506,1160783.3152386714,837074.8983600558,883627.9450025085,852476.4985322326,799523.4853641932,774147.4070812595,836881.2157381662,858994.8833565133,774147.4070812595,739216.3897252042,940013.3820046746,1000000.0
2022-12-08,904480.4689291377,1174866.8931374804,847230.9795023553,894348.8459955148,862819.444555293,809223.9618788292,783782.5958496995,845208.5527009566,870973.6222251651,783782.5958496995,757371.0513364504,957468.5137553402,1000000.0
2022-12-09,901373.595954898,1170831.2480085818,844320.7574206437,891276.7749507352,859855.6763966382,806444.2931699569,777435.1978154483,838156.226662326,865409.7985822143,777435.1978154483,747425.3435338606,940568.7290927405,1000000.0
2022-12-12,901373.595954898,1190021.1523970175,858159.1603806192,905884.7862452992,873948.6964163637,819661.9015203086,788951.3322173109,850159.1782641936,878091.7429853963,788951.3322173109,755581.4285991837,939622.4454898748,1000000.0
2022-12-13,901373.595954898,1190021.1523970175,863979.6045440423,912028.9283348582,879876.2327336731,825221.2389380531,794740.0483534645,854318.5205553129,885222.9557966775,794740.0483534645,769277.4970705938,949152.670631813,1000000.0
2022-12-14,901373.595954898,1190021.1523970175,850556.94759574,897859.7843324057,866206.608165184,812400.7261175404,787857.5434490177,847926.2030178991,878744.8498322278,787857.5434490177,763332.2609766043,952342.5339644027,1000000.0
2022-12-15,901373.595954898,1190021.1523970175,810704.7227625061,855791.2196171592,825621.1299109532,774336.2831858407,761982.7629098911,822502.3225885466,848809.2641779026,761982.7629098911,730884.8991280032,927001.9419197134,1000000.0
2022-12-16,901373.595954898,1172672.1260726945,798885.6575735143,843314.8494557075,825621.1299109532,763047.4245518493,757630.2688854822,818609.6116403975,842417.9738222498,757630.2688854822,726015.7293142763,920007.3627345467,1000000.0
2022-12-19,901373.595954898,1154015.3841962873,786175.7080737945,829898.0493825887,825621.1299109532,750907.6469253461,750349.2432252399,811828.4040788243,831453.2477020167,750349.2432252399,716424.8671601497,915395.4250292359,1000000.0
2022-12-20,901373.595954898,1153405.1169386478,786175.7080737945,829459.1820904774,825621.1299109532,750510.5513955072,751344.5352914928,812641.1827256961,831967.4409942669,751344.5352914928,718044.6923529288,918774.7707798289,1000000.0
2022-12-21,901373.595954898,1180867.143532425,786175.7080737945,849208.2102354886,825621.1299109532,768379.8502382573,762918.1453666387,824100.2332965062,843362.0328474782,762918.1453666387,727464.6162577741,929007.6224393772,1000000.0
2022-12-22,901373.595954898,1152794.8496810081,786175.7080737945,829020.3147983659,825621.1299109532,750113.4558656682,747884.5126866181,810629.5423054633,825456.7203619218,747884.5126866181,704584.9711396848,917479.8555240968,1000000.0
2022-12-23,901373.595954898,1149569.1513191995,786175.7080737945,826700.5876829203,825621.1299109532,748014.5223508056,749749.044217509,813722.9481739785,827402.3093355392,749749.044217509,703936.6628505044,916874.6199411426,1000000.0
2022-12-27,901373.595954898,1133615.021583767,786175.7080737945,815227.3427605802,825621.1299109532,737633.3106421602,744679.757792496,810704.5473153507,819342.5224126627,744679.757792496,700885.4916115372,913115.4735033107,1000000.0
2022-12-28,901373.595954898,1098829.7878983156,786175.7080737945,790211.9071102326,825621.1299109532,714998.8654413434,736013.8498905682,801960.0562819369,809385.2978365651,736013.8498905682,692780.706670224,900802.0026277524,1000000.0
2022-12-29,901373.595954898,1129953.41803793,786175.7080737945,812594.1390079121,825621.1299109532,735250.737463127,752203.8268371978,816060.6306018323,829949.5749307891,752203.8268371978,701899.1322003774,915373.2008799626,1000000.0
2022-12-30,901373.595954898,1132743.2112157105,786175.7080737945,814600.3894861356,825621.1299109532,737066.031313819,749969.2031240903,813488.30457472,828809.6444531063,749969.2031240903,700874.4728007215,917212.4994535885,1000000.0
2023-01-03,901373.595954898,1090373.2273281682,786175.7080737945,784130.4603481179,825621.1299109532,709496.2559564329,748525.206379354,811746.9087144309,825286.6252064812,748525.206379354,698656.9863229302,920509.9990197727,1000000.0
2023-01-04,901373.595954898,1101619.5810760963,786175.7080737945,792218.157588456,825621.1299109532,716814.1592920354,759968.73041859,821286.2701391641,838857.4358254042,759968.73041859,712084.715227028,934727.6141511867,1000000.0
2023-01-05,901373.595954898,1089937.32214414,786175.7080737945,783816.9837108955,825621.1299109532,709212.6162922623,748208.2270955977,809100.8981695584,825720.1677612886,748208.2270955977,709835.3898205064,933271.4904132733,1000000.0
2023-01-06,901373.595954898,1130040.5990747355,786175.7080737945,812656.8343353566,825621.1299109532,735307.4653959611,768986.6154919743,831519.0512197148,847322.7076265326,768986.6154919743,718203.3176438237,954299.7494495128,1000000.0
2023-01-09,901373.595954898,1130040.5990747355,786175.7080737945,815979.6866899141,825621.1299109532,738314.0458361697,770760.8858849197,832124.0465653595,852796.6364398396,770760.8858849197,717446.7910529393,941303.5680819792,1000000.0
2023-01-10,901373.595954898,1130040.5990747355,786175.7080737945,819616.0156816939,825621.1299109532,741604.2659405491,777219.6847882343,837238.3825159901,860612.511037454,777219.6847882343,722462.2725116208,960086.7399665203,1000000.0
2023-01-11,901373.595954898,1130040.5990747355,786175.7080737945,836919.9260563706,825621.1299109532,757261.1754027684,782154.5909195944,843087.9878527307,872930.8651122537,782154.5909195944,722982.2291685533,948875.1293617564,1000000.0
2023-01-12,901373.595954898,1130040.5990747355,786175.7080737945,836418.3634368146,825621.1299109532,756807.3519400953,782752.8718772876,841660.2919097492,878038.4363832205,782752.8718772876,733925.9162013079,951766.2187755348,1000000.0
2023-01-13,901373.595954898,1130040.5990747355,786175.7080737945,844882.2326418195,825621.1299109532,764465.6228727024,787901.5178112463,845740.2147160325,884291.3000216315,787901.5178112463,748591.7381514136,965455.7096331541,1000000.0
2023-01-17,901373.595954898,1130040.5990747355,786175.7080737945,852280.2812802682,825621.1299109532,771159.5189471295,785611.8045194905,844106.939685232,885736.2939059581,785611.8045194905,754085.394414056,958472.5106387307,1000000.0
2023-01-18,901373.595954898,1130040.5990747355,786175.7080737945,847703.5223768213,825621.1299109532,767018.3798502383,772001.3484208543,828122.571284722,872444.0397803166,772001.3484208543,734469.7722459993,943100.2221838835,1000000.0
2023-01-19,901773.5842379932,1130040.5990747355,786175.7080737945,848079.6943414882,825621.1299109532,767358.7474472431,767166.1122650072,821985.2291004636,863488.1818315773,767166.1122650072,729814.1205840603,933258.5170288866,1000000.0
2023-01-20,919106.4098387826,1130040.5990747355,786175.7080737945,864380.479477053,825621.1299109532,782108.0099841162,783352.6294460422,835549.4635674318,886817.6795839978,783352.6294460422,755537.1105713369,952272.3179044103,1000000.0
2023-01-23,940705.7771259202,1130040.5990747355,786175.7080737945,884693.7655690648,825621.1299109532,800487.8602223736,794915.0339442844,845336.6103295834,907681.7726603765,794915.0339442844,778140.7349637715,973031.6132529953,1033858.0429296393
2023-01-24,950172.1664925051,1130040.5990747355,786175.7080737945,884693.7655690648,833929.4142598552,808543.2266848196,793538.3323221973,844849.5353162122,905097.8763538994,793538.3323221973,772407.3391473398,973787.6452085678,1026984.0323565352
2023-01-25,945705.6306646095,1130040.5990747355,786175.7080737945,884693.7655690648,830009.3082642466,804742.4551849331,797063.504167867,847377.2414841303,905763.9493749886,797063.504167867,779490.0953619723,982665.8455564324,1044011.5976141179
2023-01-26,959705.2205729394,1130040.5990747355,786175.7080737945,884693.7655690648,842296.2076534677,816655.3210800999,810462.9219540908,858019.3604103446,920945.7422808835,810462.9219540908,795791.8052134311,996464.6512269924,1071121.0468084197
2023-01-27,972838.1692012297,1130040.5990747355,786175.7080737945,884693.7655690648,853822.4894614514,827830.723848423,811571.5220060407,856594.5709673803,923947.1091162817,811571.5220060407,809403.6296286734,995718.9051813039,1073879.9432085273
2023-01-30,953305.408043417,1130040.5990747355,786175.7080737945,884693.7655690648,836679.3393612523,811209.4395280236,795035.6167886711,843316.4547751803,907284.47769789,795035.6167886711,779661.2735469262,969790.5876398383,1032969.4911236569
2023-01-31,961905.1561299625,1130040.5990747355,786175.7080737945,884693.7655690648,844227.0061289166,818527.3428636261,806722.5491501094,854376.5594470203,921744.6981719055,806722.5491501094,790174.0702996246,984416.833018561,1048113.8803507682
2023-02-01,969504.9335087702,1130040.5990747355,786175.7080737945,884693.7655690648,850897.0372259226,824994.3272067166,827879.9825284167,871584.800987511,942887.4420964206,827879.9825284167,812663.1954723462,1008542.1261710699,1080410.2948409808
2023-02-02,1005437.2142734836,1130040.5990747355,786175.7080737945,884693.7655690648,882433.4123249236,855570.6830043113,848022.1991042908,886929.253496569,963013.6993117103,848022.1991042908,864031.3953745716,1028566.2539792925,1130634.0902145565
2023-02-03,1029969.8289699855,1130040.5990747355,786175.7080737945,884693.7655690648,903964.7407784159,876446.5622872702,829510.2513215314,869669.0469075053,944200.9330347038,829510.2513215314,838520.1038506313,1005874.3572250836,1097533.5510329413
2023-02-06,1011503.7032337599,1130040.5990747355,772080.5190034746,884693.7655690648,887757.735393586,860732.9248922169,820934.513155128,862054.11925947,935448.5981507427,820934.513155128,829056.1869043567,996360.9021927208,1085615.7770732744
2023-02-07,1030969.7996777234,1130040.5990747355,786938.9854602739,884693.7655690648,904842.3764490746,877297.4812797823,834062.8905018114,873785.9702983337,949246.8794253271,834062.8905018114,835637.3229919019,1003443.2407639639,1104072.4701361763
2023-02-08,1012770.3327968945,1130040.5990747355,773047.3370263485,884693.7655690648,888869.407243087,861810.7556160652,819723.8661246697,859313.4488150006,935856.989310764,819723.8661246697,819256.5267796823,991664.993461008,1079712.401540282
2023-02-09,1005770.5378427296,1130040.5990747355,767704.3953209927,884693.7655690648,882725.9575484764,855854.322668482,817003.8613530818,855325.7672226676,932500.7393450469,817003.8613530818,804401.0734617461,986280.3921473181,1058380.0214725966
2023-02-10,1006703.8438366181,1130040.5990747355,768416.7875483735,884693.7655690648,883545.0841744244,856648.5137281596,810075.4943201499,851462.4481592588,929439.7222742197,810075.4943201499,779210.6168058764,975747.5534854096,1035452.2730635379
2023-02-13,1025636.6225697881,1130040.5990747355,782868.1727323836,884693.7655690648,900161.6528722284,872759.2466530519,822108.5086745082,863671.7044330277,942390.4307752652,822108.5086745082,794917.200807109,996017.9610870299,1058511.4098430693
2023-02-14,1021303.4161695908,1130040.5990747355,779560.6373909728,884693.7655690648,896358.5649660408,869071.9310188337,835481.9988155088,874397.7481535488,952865.8510303631,835481.9988155088,821224.936802296,1009100.8778942911,1086689.4896774015
2023-02-15,1035503.0002194684,1130040.5990747355,790399.1762789806,884693.7655690648,908820.9914893939,881154.9807125028,849411.6731737927,885849.6382319323,966143.7426895363,849411.6731737927,863494.9418883079,1023564.4335447323,1111834.565007211
2023-02-16,1024703.3165758996,1130040.5990747355,782155.780505003,884693.7655690648,899342.5262462804,871965.0555933742,828312.2908127907,867487.6006509634,946504.5263858215,828312.2908127907,820614.1730595905,995470.1058363775,1071103.1178397057
2023-02-17,1016970.2097693936,1130040.5990747355,776253.1020495621,884693.7655690648,892555.4770598535,865384.6153846154,818900.379836349,859229.8061400115,939601.2557136893,818900.379836349,801385.9189925668,975119.4823562531,1051138.3011450956
2023-02-21,989837.6712327731,1130040.5990747355,755542.8422964207,884693.7655690648,868742.2958626484,842296.3467211254,797737.5691668262,839942.0966963803,917189.6862777374,797737.5691668262,766811.8660947597,944653.9953202825,1008211.9573125419
2023-02-22,992704.2539282884,1130040.5990747355,757730.9041376617,884693.7655690648,871258.1847852033,844735.647832993,801798.1732840425,843046.5824749764,918597.558304005,801798.1732840425,776658.1887322536,946446.5462159434,1013905.6500888964
2023-02-23,995970.8249068987,1130040.5990747355,760224.2769334945,884693.7655690648,874125.1279760216,847515.3165418654,808507.3933259188,849483.6435066222,924245.9009240905,808507.3933259188,783830.0495584095,968967.9676807998,1036354.6319100369
2023-02-24,978038.0168814666,1130040.5990747355,746536.1691359637,884693.7655690648,858386.1949488764,832255.502609485,795099.3377716844,836981.7010381164,910766.4024658203,795099.3377716844,765651.0338335155,953766.8745221389,1012325.3743982778
2023-02-27,986104.4472572184,1130040.5990747355,752693.2733868975,884693.7655690648,865465.7893588562,839119.5824824142,799593.1161395329,841644.0489498604,914451.3277954183,799593.1161395329,772093.6368669,966080.2683603091,1019461.3989843267
2023-02-28,982704.5468509098,1130040.5990747355,750098.1302728675,884693.7655690648,862481.8280786168,836226.4579078739,799895.8700331335,841248.6237115765,912744.3956441667,799895.8700331335,773676.1214439605,975217.8011288393,1023658.6071636521
2023-03-01,968704.95694258,1113942.0626249902,739412.2468621559,884693.7655690648,850194.9286893955,824313.592012707,796412.8352024166,838318.143291448,909049.7044096757,796412.8352024166,764509.1812173784,995651.4197949459,1011461.8210323772
2023-03-02,972704.8397735313,1118541.6444677745,742465.3564080735,884693.7655690648,853705.4713720302,827717.2679827547,806916.3157983884,849400.6666277554,920603.9988580327,806916.3157983884,768084.8891523422,1007725.6652332591,1018903.4624272371
2023-03-03,1006837.1732643166,1157791.4095262012,768518.5578665708,884693.7655690648,883662.1022638456,856761.969593828,819020.6316638327,861129.1448899457,933478.897049398,819020.6316638327,787788.030813989,1022165.9400346007,1041052.0944168579
2023-03-06,1025503.2931420899,1157791.4095262012,782766.4024141865,884693.7655690648,900044.6347828073,872645.7907873838,814866.6729264274,858505.41433018,929779.7414410757,814866.6729264274,780361.5987734341,1019458.6742671359,1031200.4795519818
2023-03-07,1025503.2931420899,1157791.4095262012,771419.0119351925,884693.7655690648,886997.1178123485,859995.4617653732,806207.5782902205,849663.7174594343,918839.226365324,806207.5782902205,772754.4868154599,1013849.9558709405,1026309.9015313213
2023-03-08,1025503.2931420899,1157791.4095262012,777881.4271407182,884693.7655690648,894427.7664905919,867199.9092353075,811369.2793664433,854854.4739545352,923557.2644554763,811369.2793664433,778121.5883118229,1021813.1157900356,1033660.6576849065
2023-03-09,1025503.2931420899,1157791.4095262012,766279.6108662311,884693.7655690648,881087.7042965803,854265.9405491264,791134.9479292467,836193.6321125994,904278.446809808,791134.9479292467,752230.8765970931,990851.8437615405,1000381.3667462161
2023-03-10,1025503.2931420899,1157791.4095262012,755644.612614618,884693.7655690648,868859.3139520696,842409.8025867938,773104.1301399776,820239.7174615951,887368.292012935,773104.1301399776,741896.9315050306,973506.746975552,972164.2046764487
2023-03-13,1025503.2931420899,1157791.4095262012,765668.9889570476,884693.7655690648,880385.5957600534,853585.2053551169,776164.1471800999,820970.7508219974,891928.9886674699,776164.1471800999,745792.9928353438,975536.7201500741,966757.9932649047
2023-03-14,1025503.2931420899,1157791.4095262012,776456.6426859567,884693.7655690648,892789.5132386957,865611.5271159519,793359.3444267868,837315.0887773362,907437.9593245178,793359.3444267868,770312.9934883582,1009986.7055510078,994449.6304316259
2023-03-15,1025503.2931420899,1157791.4095262012,778492.0490499018,884693.7655690648,895129.8750271188,867880.644429317,788138.1090845796,831085.5096010808,902906.1197832624,788138.1090845796,768720.6711164672,1004495.4193839036,983784.2551744843
2023-03-16,1025503.2931420899,1157791.4095262012,793045.2045521091,884693.7655690648,911863.4618143438,884104.8332198774,808003.4303818776,849235.0442218722,922245.268697552,808003.4303818776,795753.0911796079,1042167.3244099441,1022934.2736609171
2023-03-17,1019910.2370036826,1157791.4095262012,788719.9660287258,884693.7655690648,906890.1930139448,879282.9589289767,803135.7839205716,843085.9265288053,915356.6020648769,803135.7839205716,790714.0881900273,1031611.123786435,1024609.3134187069
2023-03-20,1035702.3955121267,1157791.4095262012,800932.4042123965,884693.7655690648,920932.3637444833,892897.6628091673,808654.3772274022,850769.8295436241,920855.8259388547,808654.3772274022,790603.7641846052,1018502.0969085313,1023862.0423706536
2023-03-21,1048072.9196770746,1157791.4095262012,810498.8141229384,884693.7655690648,931932.0641500718,903562.5141819832,820737.2196769569,859721.5444838756,932384.8704210704,820737.2196769569,799553.9578947044,1032940.6950823653,1057639.6521367938
2023-03-22,1038531.8239115564,1157791.4095262012,803120.4660536374,884693.7655690648,923448.2526670381,895336.9639210348,806697.7294342862,846491.8092239291,913692.2306628845,806697.7294342862,784829.3821081603,1017843.0970240117,1031440.2407707763
2023-03-23,1045769.8965612599,1157791.4095262012,808717.8335544865,884693.7655690648,929884.2475852016,901577.0365327888,817280.9055040807,855694.3599235332,924731.0285439166,817280.9055040807,798007.1980328409,1042912.846313885,1053902.3541818447
2023-03-24,1054455.583740904,1157791.4095262012,815434.6745555053,884693.7655690648,937607.4414869978,909065.1236668936,814661.1497414641,856617.7584946551,925125.8230567626,814661.1497414641,788978.2960219968,1022191.9717565151,1033683.8376195664
2023-03-27,1041492.8536318896,1157791.4095262012,805410.2982130756,884693.7655690648,926081.159679014,897889.7208985705,813988.8986547134,856331.7019852166,924388.738717474,813988.8986547134,782729.1447685263,1012798.6030154728,1026434.614636184
2023-03-28,1037347.412023423,1157791.4095262012,802204.5331898622,884693.7655690648,922395.0898622477,894315.8611300205,811046.0529568684,854994.1132229896,922006.5638752632,811046.0529568684,773839.7505463217,1014716.771276465,1022623.1077300146
2023-03-29,1057877.2180844003,1157791.4095262012,818080.702828634,884693.7655690648,940649.9118119478,912014.9761742683,824519.9404110203,867253.7145790653,941016.4680390604,824519.9404110203,784670.296087089,1034320.2306185155,1055928.6534821815
2023-03-30,1068339.5230962445,1157791.4095262012,826171.4431253157,884693.7655690648,949952.8499209295,921034.7174948945,832128.9260616117,874288.3717380415,948439.9789339743,832128.9260616117,796629.9078285797,1046509.2283569151,1069411.691953389
2023-03-31,1085052.8908510145,1157791.4095262012,839096.2735363671,884693.7655690648,964814.1472774161,935443.6124347629,847161.4477374473,888221.940847291,964510.3606283497,847161.4477374473,813514.63062718,1070349.2141369449,1096866.6859022605
2023-04-03,1093409.5747283995,1157791.4095262012,845558.6887418927,884693.7655690648,972244.7959556592,942648.059904697,846215.6310919053,888220.7707524307,961633.2555036889,846215.6310919053,812909.1055762854,1064996.2352015967,1085382.0624240267
2023-04-04,1089856.3390639997,1157791.4095262012,842810.8901505668,884693.7655690648,969085.3075412882,939584.7515316542,841737.8729529904,883251.6603333516,955055.0111227158,841737.8729529904,809685.6132625021,1062854.0333487669,1083938.5303917876
2023-04-05,1077551.6155595037,1157791.4095262012,833295.3653991234,884693.7655690648,958144.1161804103,928976.6280916722,830927.5791851166,874802.8215655831,944341.9225178157,830927.5791851166,784143.2041169812,1036769.9640452913,1051321.2936283415
2023-04-06,1083473.6750001702,1157791.4095262012,837875.029718,884693.7655690648,963409.9302043623,934082.1420467438,831419.7980636426,874626.353544996,945024.9240318319,831419.7980636426,793435.5051490068,1038211.4760322842,1050861.047684497
2023-04-10,1066168.1013013334,1157791.4095262012,824492.232875061,884693.7655690648,948022.0514454804,919162.6957113683,835175.8083184523,877270.6643760933,952352.7667419013,835175.8083184523,793019.5493439309,1050079.8437556333,1067967.192950786
2023-04-11,1058074.620065756,1157791.4095262012,818233.3583059298,884693.7655690648,940825.4389460796,912185.1599727706,835385.2910171283,876738.6124524522,953521.6396838968,835385.2910171283,791034.1959182683,1048291.0011495237,1077554.8216679196
2023-04-12,1053468.5738341263,1157791.4095262012,814671.3971690258,884693.7655690648,936729.8058163391,908214.2046743816,830911.0133102478,873647.1634904793,945740.162380178,830911.0133102478,780606.2805926581,1019404.3288850131,1072756.8881123676
2023-04-13,1089395.7344408368,1157791.4095262012,842454.6940368764,884693.7655690648,968675.7442283141,939187.6560018153,842307.0083151407,884030.9026808853,958424.5633358278,842307.0083151407,795778.8990979326,1035394.366300382,1092643.8172670892
2023-04-14,1087092.711325022,1157791.4095262012,840673.7134684245,884693.7655690648,966627.927663444,937202.1783526209,840796.4612137836,881483.1962457143,955466.2837119269,840796.4612137836,795453.6476701169,1035349.2393322911,1091334.0914808263
2023-04-17,1087224.3126459257,1157791.4095262012,840775.4837866217,884693.7655690648,966744.945752865,937315.634218289,840767.6794246074,882907.4981939872,958908.3025330482,840767.6794246074,784721.6122596652,1034293.6540410874,1084477.7741965472
2023-04-18,1095383.594541955,1157791.4095262012,847085.2435148516,884693.7655690648,974000.0672969767,944349.8978897209,842688.7677136522,884234.3008833586,959970.571262726,842688.7677136522,789552.7031408431,1039049.8528299303,1090435.883961875
2023-04-19,1103016.4711543696,1157791.4095262012,852987.9219702923,884693.7655690648,980787.1164834036,950930.3380984797,840838.3608640766,883016.7620045332,957153.9959983366,840838.3608640766,792020.5454633011,1032921.4338840534,1081018.9768669372
2023-04-20,1096568.0064300885,1157791.4095262012,848001.1763786268,884693.7655690648,975053.2301017671,945371.0006807352,839094.621501646,883111.4813006897,951225.4775897599,839094.621501646,779520.5441367112,1016985.6945717592,1051585.9816656047
2023-04-21,1085842.4987764368,1157791.4095262012,839706.8954455506,884693.7655690648,965516.2558139431,936124.3476287725,841487.6223039536,885632.787034497,952971.4595579123,841487.6223039536,778365.0102610516,1016631.7886231211,1052402.0069319606
2023-04-24,1087882.3192504442,1157791.4095262012,841284.3353776081,884693.7655690648,967330.036199971,937882.9135466304,839952.6968102787,885733.9079864617,951772.5444896655,839952.6968102787,773031.4649522032,1011043.2707476915,1047365.5066892243
2023-04-25,1077617.4162199555,1157791.4095262012,833346.2505582222,884693.7655690648,958202.6252251209,929033.3560245065,824518.5096580709,873546.1985494544,931225.6883924443,824518.5096580709,754619.3748979967,986854.4269223767,1008491.5296763093
2023-04-26,1077551.6155595037,1157791.4095262012,833295.3653991234,884693.7655690648,958144.1161804103,928976.6280916722,822239.3191103402,868924.3082849353,929592.8939664956,822239.3191103402,756586.8804158352,986279.8931678184,1015081.8694387344
2023-04-27,1108148.922669614,1157791.4095262012,856956.9643799852,884693.7655690648,985350.8219708286,955355.1168595416,837588.1361358477,882619.7511770865,946017.5091587708,837588.1361358477,774027.3084240366,1015028.55199878,1048967.1671437924
2023-04-28,1116505.6065469992,1157791.4095262012,863419.379585511,884693.7655690648,992781.470649072,962559.5643294759,843277.0051133158,887600.7040620991,954993.1249972502,843277.0051133158,783269.0265413233,1036433.2242959859,1053991.469794163
2023-05-01,1115913.4006029326,1157791.4095262012,862961.4131536233,884693.7655690648,992254.8892466767,962049.0129339687,843357.9344320992,889078.5299223838,955234.0549966057,843357.9344320992,777340.5223655301,1037995.4838856958,1051689.0668577664
2023-05-02,1109004.331255488,1157791.4095262012,857618.4714482673,884693.7655690648,986111.439552066,956092.5799863852,835361.1324935666,881713.2129562199,944395.9164391262,835361.1324935666,770167.1814107151,1025537.9997507251,1039757.66882138
2023-05-03,1101832.0592662364,1157791.4095262012,852071.9891065169,884693.7655690648,979733.9536786132,949909.2353074653,829941.695136318,876512.4047377845,939563.5905511174,829941.695136318,760217.1038884058,1004847.3407320859,1029337.6374595892
2023-05-04,1090909.1496312292,1157791.4095262012,843625.0526961448,884693.7655690648,970021.4522566574,940492.3984570001,830333.9403515205,875181.3843914586,939647.4267500478,830333.9403515205,760901.1824456194,986097.6857556253,1027664.2272096423
2023-05-05,1142102.063462769,1157791.4095262012,883213.706474877,884693.7655690648,1015541.4890414864,984626.7302019513,844311.5913169236,888150.8844489605,954094.2374775236,844311.5913169236,773457.5698143216,1017031.4465106771,1040636.7773868766
2023-05-08,1141641.458839606,1157791.4095262012,882857.5103611867,884693.7655690648,1015131.9257285123,984229.6346721125,845973.1319234775,889173.8428751422,958993.6509750875,845973.1319234775,767944.3232168418,1037465.665536339,1049307.0830561044
2023-05-09,1130257.944581436,1157791.4095262012,874054.3778371242,884693.7655690648,1005009.8609935826,974415.7022918086,843633.9019702745,887205.7781999472,956312.1777228505,843633.9019702745,770401.5817623471,1028371.2012331855,1052975.8833015098
2023-05-10,1142003.3624720913,1157791.4095262012,883137.3787362291,884693.7655690648,1015453.7254744206,984541.6383027002,849089.9012176715,891387.4704876213,961763.470791948,849089.9012176715,782918.3160257477,1026249.1256088184,1050483.6750175655
2023-05-11,1143286.4753509022,1157791.4095262012,884129.6393386524,884693.7655690648,1016594.6518462768,985647.8329929658,851056.9587032297,892695.518623654,960745.4137168252,851056.9587032297,793817.2876311587,1051483.6351013212,1042841.9746704953
2023-05-12,1135521.9974175838,1157791.4095262012,878125.1905650143,884693.7655690648,1009690.5845704287,978953.9369185386,848268.7241721766,891843.2065753399,958412.2417064679,848268.7241721766,788513.7239907685,1030446.1939982708,1037083.3210613645
2023-05-15,1132231.9643949913,1157791.4095262012,875580.9326100829,884693.7655690648,1006765.1323348999,976117.5402768323,852221.7044604912,893011.8620308341,969337.0115419863,852221.7044604912,792494.2026542703,1050125.7059703558,1046715.4963479202
2023-05-16,1132231.9643949913,1157791.4095262012,875580.9326100829,884693.7655690648,1006765.1323348999,976117.5402768323,846177.7513069968,886997.441482547,960783.7558510419,846177.7513069968,791957.055684192,1051054.245264144,1056172.4847118002
2023-05-17,1136311.605343006,1157791.4095262012,878735.8124741978,884693.7655690648,1010392.6931069556,979634.6721125481,855412.6952417125,892573.6060029815,973393.3446798829,855412.6952417125,810722.6313728932,1091184.7435061836,1075900.519446451
2023-05-18,1151840.5612096428,1157791.4095262012,890744.7100214739,884693.7655690648,1024200.8276586519,993022.4642614024,871869.1391589011,906737.4714236532,992064.1960959857,871869.1391589011,838948.4607337906,1131239.1461608906,1098036.7302022509
2023-05-19,1152564.3684746132,1157791.4095262012,891304.4467715588,884693.7655690648,1024844.4271504681,993646.4715225777,870034.6246349335,905456.0591911118,989882.7322295371,870034.6246349335,835195.7250459602,1120448.737779974,1092659.6448807719
2023-05-22,1146247.5050712354,1157791.4095262012,886419.4714980905,884693.7655690648,1019227.5588582527,988200.5899705014,870287.7291695484,902885.1243091448,994457.934873476,870287.7291695484,839115.4600046301,1138544.7781620657,1102714.4830707044
2023-05-23,1128876.130711947,1157791.4095262012,872985.7894960529,884693.7655690648,1003781.1710546605,973224.4157022918,857848.9392274806,890279.2394907986,980400.3756294596,857848.9392274806,821355.4254625089,1127136.9055388935,1089230.676661842
2023-05-24,1130718.5492045989,1157791.4095262012,874410.5739508145,884693.7655690648,1005419.4243065566,974812.7978216474,852930.0741311542,885233.6895242097,973973.0938567256,852930.0741311542,818812.5442070591,1128202.422043536,1082889.0736063155
2023-05-25,1138285.6251565616,1157791.4095262012,880262.3672471567,884693.7655690648,1012147.964448273,981336.5100975721,865351.9634624243,895202.112148632,983628.8436181362,865351.9634624243,831836.7269836743,1199431.5121804823,1130470.8131175858
2023-05-26,1154340.986306813,1157791.4095262012,892678.3460672218,884693.7655690648,1026424.1713576538,995178.1257090991,885760.4806886003,910218.6910900209,1008121.6560184823,885760.4806886003,889470.4106956349,1236612.771697183,1159570.2087272054
2023-05-30,1166645.7098113094,1157791.4095262012,902193.8708186651,884693.7655690648,1037365.3627185317,1005786.249149081,885580.8437235134,907701.0015407561,1007563.90316622,885580.8437235134,896513.1972211566,1249167.2548788234,1161227.1073795068
2023-05-31,1166316.70650905,1157791.4095262012,901939.445023172,884693.7655690648,1037072.8174949788,1005502.6094849104,881176.0045845722,905633.3540773338,1004904.7657270074,881176.0045845722,879539.8603172203,1233684.3790471703,1141710.99885496
2023-06-01,1185004.0940773755,1157791.4095262012,916390.8302071822,884693.7655690648,1053689.3861927828,1021613.3424098026,888919.3583496532,912649.2766405162,1013127.5330606995,888919.3583496532,888185.886268344,1251237.5465781223,1159340.4615443368
2023-06-02,1190662.9508762346,1157791.4095262012,920766.953889664,884693.7655690648,1058721.1640378921,1026491.9446335374,895693.1449110485,920530.6181373502,1022983.5238424166,895693.1449110485,893000.9424538299,1246164.9838766542,1157492.6841704205
2023-06-05,1181648.260394331,1157791.4095262012,913795.6870931522,884693.7655690648,1050705.4249125433,1018720.2178352621,900222.2487094115,923984.7478988863,1023248.985736874,900222.2487094115,901811.9334700144,1270173.068712638,1170225.5419052853
2023-06-06,1179213.6359576127,1157791.4095262012,911912.936206503,884693.7655690648,1048540.5902582519,1016621.2843203994,900133.9404514661,921778.3526591595,1026041.9342013323,900133.9404514661,904782.0372170587,1266155.3741786284,1177813.9320429957
2023-06-07,1170067.3441548054,1157791.4095262012,904839.8990917937,884693.7655690648,1040407.8330434816,1008736.1016564555,883480.0851528592,908149.3148885204,1015174.6413994873,883480.0851528592,867177.2866940639,1224170.7577000835,1123969.2131506996
2023-06-08,1188162.5257790643,1157791.4095262012,918833.3178439162,884693.7655690648,1056497.8203388904,1024336.2831858407,894209.5929403786,918334.7556992192,1024728.0182961476,894209.5929403786,889348.9696137239,1251713.4240685788,1146510.343222486
2023-06-09,1190728.7515366864,1157791.4095262012,920817.8390487628,884693.7655690648,1058779.673082603,1026548.6725663717,895874.531785857,918763.1199036536,1024730.2249606573,895874.531785857,895865.5220897493,1252748.8433776714,1159346.5156433897
2023-06-12,1209350.33844456,1157791.4095262012,935218.3390736743,884693.7655690648,1075337.7327356962,1042602.6775584297,912642.5109523481,933210.7607187439,1040592.6250704733,912642.5109523481,924229.8518488884,1278988.6133657156,1192524.69920907
2023-06-13,1206191.9067428713,1157791.4095262012,932775.8514369403,884693.7655690648,1072529.2985895886,1039879.7367823918,920685.6235602275,940399.6482452835,1049252.2592488015,920685.6235602275,930800.5363913542,1290655.7618302908,1208612.1357921928
2023-06-14,1210403.1490117896,1157791.4095262012,936032.5016192523,884693.7655690648,1076273.8774510655,1043510.3244837758,924092.7315320453,943237.4921015749,1052450.4748982743,924092.7315320453,938591.6637141217,1313004.794139122,1216915.4110979906
2023-06-15,1223958.085064871,1157791.4095262012,946514.8443935696,884693.7655690648,1088326.7406614441,1055196.278647606,933212.930039966,953129.0732373828,1063996.7489270638,933212.930039966,941215.5171810363,1334337.380871257,1231263.3464169342
2023-06-16,1216785.8130756193,1157791.4095262012,940968.3620518192,884693.7655690648,1081949.2547879913,1049012.933968686,927136.7266881338,947857.4447396944,1059288.2496465442,927136.7266881338,929069.3322847142,1324249.9944096014,1216181.9707950528
2023-06-20,1217378.019019686,1157791.4095262012,941426.3284837068,884693.7655690648,1082475.8361903864,1049523.4853641933,919830.8330326374,941035.3337635732,1052277.5811893179,919830.8330326374,923866.570608702,1315350.3627014693,1211312.320945924
2023-06-21,1210468.9496722417,1157791.4095262012,936083.386778351,884693.7655690648,1076332.386495776,1043567.0524166101,907765.2582379691,932353.7022174998,1043735.9272432931,907765.2582379691,892968.9906885041,1277314.107360785,1173801.9502015312
2023-06-22,1230472.3504496042,1157791.4095262012,951552.4751443338,884693.7655690648,1094119.1360877915,1060812.3439981847,911899.8564748272,936991.6312986149,1047628.2935250371,911899.8564748272,892707.9515579855,1283014.3796010837,1176533.778641759
2023-06-23,1228366.729315145,1157791.4095262012,949924.1500531777,884693.7655690648,1092246.846657053,1058997.0501474927,902038.8835855417,928154.0156606027,1036033.1326643997,902038.8835855417,877893.4555196831,1271600.1403558461,1165422.274294455
2023-06-26,1219088.8361914342,1157791.4095262012,942749.3426202713,884693.7655690648,1083997.0713528616,1050998.4116178807,900203.270793376,927157.4822954697,1033663.9195166051,900203.270793376,864922.581445124,1258448.9403589033,1141486.6095968585
2023-06-27,1237447.2204575003,1157791.4095262012,956946.3020087882,884693.7655690648,1100321.0948271125,1066825.5048786022,920131.8201708581,944741.5554650563,1052606.3439224095,920131.8201708581,893801.2314527249,1290696.224171284,1180362.8610805718
2023-06-28,1245277.4990512705,1157791.4095262012,963001.6359415249,884693.7655690648,1107283.6711476713,1073576.1288858633,921120.3124837475,945255.5590717248,1053015.2870265425,921120.3124837475,894209.5295347067,1291271.0784486854,1185175.6593275534
2023-06-29,1247514.7215066336,1157791.4095262012,964731.7313508783,884693.7655690648,1109272.9786678308,1075504.8786022237,921850.7236389774,947107.6606767933,1053670.173909077,921850.7236389774,895204.1358488223,1292759.6228024168,1179567.4368001022
2023-06-30,1276335.410784544,1157791.4095262012,987019.4310360771,884693.7655690648,1134899.9402510636,1100351.7131835716,932685.6388744363,957766.2011920707,1066055.3743855124,932685.6388744363,906974.43342649,1311836.8755422705,1198460.9955953308
2023-07-03,1266399.5110563147,1157791.4095262012,979335.7720121844,884693.7655690648,1126065.0744997666,1091785.7953256185,936091.5808784093,958363.2922882572,1069825.5593310692,936091.5808784093,917672.8182243641,1318134.5472165025,1211683.8829616348
2023-07-05,1258964.0364252555,1157791.4095262012,973585.7490340396,884693.7655690648,1119453.5524474713,1085375.538915362,931482.2029711952,953851.1556858369,1066926.040065494,931482.2029711952,913891.657425215,1319905.1769300492,1214974.404508238
2023-07-06,1262122.4681269443,1157791.4095262012,976028.2366707736,884693.7655690648,1122261.986593579,1088098.4796914,920709.6284693765,945166.5546610549,1054465.0570213352,920709.6284693765,898226.305451308,1296834.2829980263,1187098.6120595946
2023-07-07,1254686.9934958853,1157791.4095262012,970278.2136926287,884693.7655690648,1115650.464541284,1081688.2232811435,919821.4781631063,942076.2337171349,1052294.6385215628,919821.4781631063,900495.961479233,1303217.4696268062,1192958.3571353902
2023-07-10,1241066.2567823522,1157791.4095262012,959744.9857592129,884693.7655690648,1103539.0922861944,1069945.5411844794,936652.5956404677,957405.0948614931,1069533.9415386193,936652.5956404677,914524.684629561,1339272.389471792,1224395.2685629355
2023-07-11,1237578.821778404,1157791.4095262012,957048.0723269855,884693.7655690648,1100438.1129165338,1066938.9607442706,943067.8095173662,963487.869865499,1076962.117722267,943067.8095173662,924391.4738178806,1355640.7615952506,1238540.92912214
2023-07-12,1248699.1333947668,1157791.4095262012,965647.6642146537,884693.7655690648,1110326.1414726214,1076525.9813932383,949284.7810830079,968930.1668742346,1084075.0353721722,949284.7810830079,928981.7064857542,1384885.2889430507,1250613.5019268985
2023-07-13,1253765.7842495593,1157791.4095262012,969565.8214652478,884693.7655690648,1114831.3379153358,1080894.0322214658,964393.4283672062,980050.8664238724,1099401.3876983265,964393.4283672062,951475.5265354076,1424947.968753812,1285366.040603456
2023-07-14,1254752.794156337,1157791.4095262012,970329.0988517273,884693.7655690648,1115708.9735859944,1081744.9512139778,962155.8284389105,979725.190602515,1096941.1207317696,962155.8284389105,946541.1185306862,1401823.2813217351,1268215.5639912272
2023-07-17,1276467.0121054477,1157791.4095262012,987121.2013542744,884693.7655690648,1135016.9583404849,1100465.16904924,973177.5934538755,988860.0506040314,1107714.1090236402,973177.5934538755,957831.5923555596,1415768.8890916745,1301165.8726887752
2023-07-18,1274756.1949336994,1157791.4095262012,985798.18721771,884693.7655690648,1133495.7231780097,1098990.2427955524,978845.2806543477,993773.7594577596,1113121.4915792947,978845.2806543477,969092.3012667634,1425629.8007562591,1314405.4817117373
2023-07-19,1283770.885415603,1157791.4095262012,992769.454014222,884693.7655690648,1141511.4623033588,1106761.969593828,976958.4497684003,991511.0104926974,1112272.250245174,976958.4497684003,964952.5490204374,1433866.574998082,1324549.1354159254
2023-07-20,1270808.1553065884,1157791.4095262012,982745.0776717924,884693.7655690648,1129985.180495375,1095586.5668255049,959734.0067606799,980331.0871810038,1095568.956642754,959734.0067606799,939300.285034362,1365874.990716622,1255847.3385324094
2023-07-21,1262977.8767128184,1157791.4095262012,976689.7437390557,884693.7655690648,1123022.6041748165,1088835.9428182438,962367.6707641459,983130.7279923306,1099396.9697974343,962367.6707641459,937894.7984619004,1347930.7267670427,1244167.1285456764
2023-07-24,1268307.730209418,1157791.4095262012,980811.4416260446,884693.7655690648,1127761.8367963734,1093430.905377808,961678.0266908869,982614.7344949036,1098198.3551122171,961678.0266908869,938463.9736409528,1348290.8175754664,1248173.3191141547
2023-07-25,1274032.3876687293,1157791.4095262012,985238.4504676252,884693.7655690648,1132852.1236861935,1098366.2355343772,970387.3459086595,990175.2317689301,1106525.772121292,970387.3459086595,948159.6954131034,1365162.3924070904,1269190.861997838
2023-07-26,1279822.8457884921,1157791.4095262012,989716.3444683043,884693.7655690648,1138000.9196207242,1103358.2936237801,966943.6191580475,986642.5239329403,1104178.1157251298,966943.6191580475,955680.5003188583,1357421.1684580336,1263607.7091582536
2023-07-27,1271400.3612506553,1157791.4095262012,983203.0441036801,884693.7655690648,1130511.7618977705,1096097.118221012,963532.2994836313,982214.8475611353,1102558.1753864414,963532.2994836313,946920.3237282204,1365085.3722842913,1256459.7297434888
2023-07-28,1288574.3336285881,1157791.4095262012,996484.0706284218,884693.7655690648,1145782.622567231,1110903.1086907194,980062.9930122051,994801.4765453995,1121024.0426014871,980062.9930122051,969797.8673488639,1413698.5617943094,1297936.8269727305
2023-07-31,1292653.9745766027,1157791.4095262012,999638.9504925366,884693.7655690648,1149410.1833392866,1114420.2405264352,984630.8031640234,996283.1547391082,1125723.0940678546,984630.8031640234,974909.6322670798,1432726.254238118,1327530.2999837284
2023-08-01,1287093.8187684214,1157791.4095262012,995339.1545487026,884693.7655690648,1144466.1690612428,1109626.7302019515,982039.6448287864,993558.5709920025,1122969.0000889623,982039.6448287864,967179.7496463928,1420586.6410730365,1330104.3563543956
2023-08-02,1267189.1189817367,1157791.4095262012,979946.3939213679,884693.7655690648,1126767.1830362936,1092466.530519628,961410.6993194708,978982.16367674,1099738.8756764054,961410.6993194708,943442.4217038011,1359815.0494087164,1267618.8196198638
2023-08-03,1257911.2258580257,1157791.4095262012,972771.5864884614,884693.7655690648,1118517.407732102,1084467.8919900157,957883.9156578586,975275.3694948858,1099085.1552189088,957883.9156578586,935328.4367185123,1348053.6079989208,1264500.0437549409
2023-08-04,1257911.2258580257,1157791.4095262012,926059.0104359215,884693.7655690648,1064806.1046877922,1032391.6496482868,951712.4136457344,967818.6807521385,1092437.5722934362,951712.4136457344,926560.0987040093,1337658.8322145105,1257814.0520483283
2023-08-07,1257911.2258580257,1137815.2293739275,910081.0704789524,869429.5289413001,1064806.1046877922,1014579.0787383708,959274.395204711,976402.7228735737,1102172.5370070655,959274.395204711,923245.7521322309,1343500.8458810805,1251956.6009605362
2023-08-08,1257911.2258580257,1143858.9781461123,914915.160593322,874047.6897044774,1064806.1046877922,1019968.2323576129,948838.3454819979,967707.3559633336,1089672.150975981,948838.3454819979,915561.9366244528,1293508.8634303065,1229589.019103832
2023-08-09,1257911.2258580257,1133616.4144374623,906722.6499784429,866221.1225163561,1064806.1046877922,1010835.0351713182,941455.6516050558,963254.7857930806,1083346.328578701,941455.6516050558,894825.2872944276,1250789.5531201095,1186351.3008266
2023-08-10,1257911.2258580257,1132216.8094586406,905603.1764782731,865151.6537080413,1064806.1046877922,1009587.0206489675,948237.3947757141,967905.8062841698,1090405.0970080872,948237.3947757141,900529.0337458921,1291615.6183822507,1222461.9814033892
2023-08-11,1257911.2258580257,1131071.6781123318,904687.2436144978,864276.6337739656,1064806.1046877922,1008565.9178579531,943112.2726070202,965484.7902690712,1085222.9341197116,943112.2726070202,902500.0172602982,1285622.806702551,1218392.0005023668
2023-08-14,1257911.2258580257,1141695.9522697513,913185.0651839686,872394.8742734456,1064806.1046877922,1018039.4826412527,952286.6467295344,972264.1162968597,1094329.642673366,952286.6467295344,904425.1478292819,1313691.2774374152,1244171.9639059827
2023-08-15,1257911.2258580257,1128908.652235971,902957.1482051444,862623.8183429338,1064806.1046877922,1006637.1681415929,940849.4478773595,962360.1275733475,1081102.1955778291,940849.4478773595,894299.5232621066,1300152.5967493928,1225207.9196408347
2023-08-16,1257911.2258580257,1123310.2323206842,898479.2542044653,858345.943109675,1064806.1046877922,1001645.1100521897,932338.9038782823,955717.4054259717,1071223.2066332956,932338.9038782823,886346.9341283051,1283873.189390406,1206201.6196316723
2023-08-17,1257911.2258580257,1106960.3014317215,898479.2542044653,845852.6029398168,1064806.1046877922,987066.0313138189,920333.5201073956,944762.1599063796,1056509.2928661702,920333.5201073956,878310.7929940128,1261900.6097738368,1179903.5439769977
2023-08-18,1257911.2258580257,1110077.6034300062,898479.2542044653,848234.601649245,1064806.1046877922,989845.7000226913,920647.7293164397,945587.9676761834,1057778.4653785694,920647.7293164397,874576.9166074607,1266449.7291939938,1176006.2938968888
2023-08-21,1257911.2258580257,1118666.0885273213,898479.2542044653,854797.2511548125,1064806.1046877922,997503.9709552984,929920.9699676646,951781.8616342748,1069723.448991592,929920.9699676646,881060.8240079453,1295158.6603162095,1207022.4881067784
2023-08-22,1257911.2258580257,1118666.0885273213,898479.2542044653,861554.3495346191,1064806.1046877922,1005389.1536192421,928866.3681886343,950490.548088158,1068994.1148426307,928866.3681886343,877427.7063506645,1290581.1627966303,1201646.4491215504
2023-08-23,1257911.2258580257,1118666.0885273213,898479.2542044653,880464.5025543657,1064806.1046877922,1027456.3194917177,941371.6980005366,961639.4061617914,1084218.4610371657,941371.6980005366,888151.0650487349,1322642.65126874,1220020.8739947844
2023-08-24,1257911.2258580257,1118666.0885273213,898479.2542044653,857422.3109570396,1064806.1046877922,1000567.2793283414,923754.9649351925,946409.2052015164,1062155.7189929658,923754.9649351925,873401.574405227,1281099.1139914275,1199661.630667308
2023-08-25,1257911.2258580257,1118666.0885273213,898479.2542044653,868262.835695866,1064806.1046877922,1013217.6083503517,931345.8431423157,953632.1734687829,1071640.024858146,931345.8431423157,877106.889149206,1275033.1127943823,1212784.1139637912
2023-08-28,1257911.2258580257,1118666.0885273213,898479.2542044653,875943.5662283079,1064806.1046877922,1022180.621738144,939760.5201015203,961537.8669403241,1079631.6481295947,939760.5201015203,886288.2061019525,1283427.3795756074,1228720.4962839577
2023-08-29,1257911.2258580257,1118666.0885273213,898479.2542044653,895048.1681222935,1064806.1046877922,1044474.6993419561,957552.5342866944,976014.4332090268,1100512.9772531718,957552.5342866944,895786.6495729669,1313365.997880714,1245991.3675537587
2023-08-30,1257911.2258580257,1118666.0885273213,898479.2542044653,912208.2812738887,1064806.1046877922,1064499.659632403,964896.0101973108,981106.1271100796,1107985.5959595619,964896.0101973108,904184.0502304798,1335310.2108250477,1256481.7078927176
2023-08-31,1257911.2258580257,1118666.0885273213,898479.2542044653,913277.7500822033,1064806.1046877922,1065747.6741547538,969682.0797060885,984286.9224409256,1110811.2511702387,969682.0797060885,907081.1664001204,1347758.183250359,1254556.0454342663
2023-09-01,1257911.2258580257,1118666.0885273213,898479.2542044653,921007.0928332051,1073817.8772244058,1074767.4154753801,973886.0906799337,987833.507431642,1113345.8480811073,973886.0906799337,920989.8000703654,1347411.5857724228,1258708.0400861097
2023-09-05,1259504.6951613398,1118666.0885273213,898479.2542044653,922173.7860786393,1075178.1447771022,1076128.8858633991,970112.2415962778,982385.7733918359,1111336.1792471462,970112.2415962778,912995.3602314607,1355408.918082328,1240986.447862744
2023-09-06,1214422.7927884064,1118666.0885273213,898479.2542044653,922173.7860786393,1036693.9085987336,1037610.6194690265,969927.6163979069,982995.820278994,1109522.943793514,969927.6163979069,912493.7613098206,1337788.381492438,1240158.1136503431
2023-09-07,1178901.7062353585,1118666.0885273213,898479.2542044653,922173.7860786393,1006371.2777365433,1007261.1754027683,966106.0583207728,980919.51833804,1102622.7877776327,966106.0583207728,898292.3245102179,1329183.5343788923,1239350.9475009057
2023-09-08,1178901.7062353585,1118666.0885273213,898479.2542044653,922173.7860786393,1009885.3022476757,1010778.3072384842,966469.5752028298,981861.8695884489,1103031.8253724466,966469.5752028298,894286.4865674651,1321767.1282698931,1234075.2747458003
2023-09-11,1186709.0023031423,1118666.0885273213,898479.2542044653,922173.7860786393,1016573.2843817663,1017472.2033129113,970298.5639862511,985059.6967979866,1112697.189043818,970298.5639862511,902452.9826024463,1357384.678086766,1237128.7928432715
2023-09-12,1166462.963347703,1118666.0885273213,898479.2542044653,922173.7860786393,999229.8730848874,1000113.4558656684,962904.4719131558,978329.1642733992,1103888.7243285228,962904.4719131558,896209.8443373893,1328407.4342375307,1242959.8015672825
2023-09-13,1166462.963347703,1118666.0885273213,898479.2542044653,922173.7860786393,987384.2098134896,988257.3179033356,962301.0080151431,978094.5061450108,1103921.4493257364,962301.0080151431,888194.9520790284,1333215.2624750163,1227017.6578555945
2023-09-14,1166462.963347703,1128490.7777842344,898479.2542044653,922173.7860786393,996055.915461929,996936.6916269572,970759.1105290599,987019.2300309151,1112872.229640463,970759.1105290599,899442.0123163619,1346617.8909408571,1246590.8701155584
2023-09-15,1166462.963347703,1128490.7777842344,898479.2542044653,922173.7860786393,991918.4349891442,992795.5525300658,954783.2291701267,972129.1249439145,1094457.9421592532,954783.2291701267,889289.0905637755,1315191.9117201578,1237943.2331244946
2023-09-18,1186191.7238271567,1128490.7777842344,898479.2542044653,922173.7860786393,1008695.0681390663,1009587.0206489675,958481.4650949145,975544.0977329892,1095777.0825302205,958481.4650949145,894964.2225616551,1317332.9496009483,1245430.5953912141
2023-09-19,1193523.357789116,1128490.7777842344,898479.2542044653,922173.7860786393,1014929.6277555914,1015827.0932607217,951033.2315605809,970552.6632805734,1089864.4535613288,951033.2315605809,875319.4168742683,1305456.1664860905,1224698.101842555
2023-09-20,1169662.2218038307,1128490.7777842344,898479.2542044653,922173.7860786393,994638.970094537,995518.493306104,942225.0966628754,963033.8512075532,1079835.0148538789,942225.0966628754,865379.1036638041,1283383.3596004636,1206896.406533649
2023-09-21,1169662.2218038307,1128490.7777842344,898479.2542044653,922173.7860786393,985797.2310020105,986668.9357839801,924224.8142070771,945234.8975821222,1059295.3731949518,924224.8142070771,851336.6727508957,1239477.8890530756,1190376.6239688806
2023-09-22,1169662.2218038307,1134070.6206456984,898479.2542044653,926733.49087958,990671.5230658392,991547.538007715,925107.8946904102,945873.019005191,1060422.5931381402,925107.8946904102,851413.3634863569,1242878.8992511395,1196546.712742894
2023-09-25,1169662.2218038307,1134070.6206456984,898479.2542044653,933573.0480809914,997982.9611615824,998865.4413433175,926004.3363690084,946874.9216576937,1063422.6190390666,926004.3363690084,847250.4191538306,1251073.539137555,1199641.6711768305
2023-09-26,1169662.2218038307,1134070.6206456984,898479.2542044653,911728.880895089,974631.701506961,975493.533015657,914794.6026086971,935404.1532377937,1050076.315779434,914794.6026086971,839509.5877077761,1228916.4860885555,1187296.50184514
2023-09-27,1169662.2218038307,1123980.3202875457,898479.2542044653,903616.8479352758,965959.9958585215,966814.1592920354,922069.1033357498,941781.2044119975,1056357.959335506,922069.1033357498,847875.9603130948,1243938.180267508,1203811.0182371677
2023-09-28,1169662.2218038307,1125695.0118516763,898479.2542044653,904995.3633402112,967433.6190406092,968289.0855457226,929320.6021809117,948219.6440810236,1065900.5994415805,929320.6021809117,849157.4504053326,1246859.828103421,1210040.1903205146
2023-09-29,1169662.2218038307,1129124.3949799372,898479.2542044653,907752.3941500825,970380.8654047848,971238.9380530973,930783.6610722522,946428.4161451828,1065681.1560959779,930783.6610722522,853042.807635467,1263109.3726418726,1204286.577804804
2023-10-02,1169662.2218038307,1145875.6125679815,898479.2542044653,921219.4292598377,984777.0303374882,985647.8329929658,933269.5788750552,948194.4466457383,1064639.2353747506,933269.5788750552,857295.512719146,1262686.3261328482,1197055.0823906828
2023-10-03,1169662.2218038307,1145875.6125679815,898479.2542044653,914061.7531188261,977125.525353571,977989.5620603586,914499.9813620975,932248.1187716882,1045252.2262895863,914499.9813620975,825362.3023334064,1233906.6904980743,1165115.6610142763
2023-10-04,1169662.2218038307,1145875.6125679815,898479.2542044653,920742.250850437,984266.930005227,985137.2815974586,924375.2827343211,941351.5315834093,1058809.801107602,924375.2827343211,837297.8201411566,1251493.2581014275,1177905.8075304371
2023-10-05,1169662.2218038307,1145875.6125679815,898479.2542044653,927369.7287587811,991351.6568421874,992228.2732017245,923243.2375936229,939996.8020497852,1053387.3112007887,923243.2375936229,842636.4384712437,1253206.4832718743,1186180.781000715
2023-10-06,1169662.2218038307,1145875.6125679815,898479.2542044653,941048.8431616036,1005974.5330336735,1006864.0798729296,941651.9549504364,954512.5599923426,1071746.0147363553,941651.9549504364,858927.0653008185,1272941.816572094,1209347.9319523617
2023-10-09,1169662.2218038307,1145875.6125679815,898479.2542044653,949001.8166516165,1014476.205238026,1015373.2697980487,950834.3118515023,962600.3331886607,1077965.8705016805,950834.3118515023,868443.6085256638,1287879.7164572144,1223053.840184008
2023-10-10,1169662.2218038307,1145875.6125679815,898479.2542044653,945820.6272556112,1011075.5363562849,1011969.593828001,959405.2169730271,970261.9560221998,1088264.5378505683,959405.2169730271,878105.7197695797,1298751.359112825,1232782.7093921574
2023-10-11,1178907.267673798,1145875.6125679815,898479.2542044653,953296.4223362235,1019067.1082283764,1019968.2323576129,968781.9396942633,980020.59046081,1091585.7424930173,968781.9396942633,887924.0638286931,1308367.5001943458,1251152.0355183212
2023-10-12,1184873.9284834927,1145875.6125679815,898479.2542044653,958121.2262534981,1024224.7893656834,1025130.4742455186,961803.7170206088,975694.9777982061,1081396.2691710105,961803.7170206088,880391.9356630902,1305192.4607192045,1243932.6124322522
2023-10-13,1172678.336059281,1145875.6125679815,898479.2542044653,948259.5391258819,1013682.7158322864,1014579.0787383708,955362.293272302,971516.8753606274,1072377.6733897687,955362.293272302,870997.804874706,1287950.2026067376,1239010.3347878067
2023-10-16,1171825.9559436103,1145875.6125679815,898479.2542044653,947570.2814234141,1012945.9042412426,1013841.6156115271,963370.427114634,979210.5244982409,1085694.010658862,963370.427114634,878309.8305140323,1303506.9073076127,1250838.4322831214
2023-10-17,1161531.8268543563,1145875.6125679815,898479.2542044653,939246.1691705339,1004047.4873340203,1004935.3301565691,962590.2778268674,977478.9268369112,1086936.420397422,962590.2778268674,883525.5566269219,1306363.37638886,1252952.155906827
2023-10-18,1161531.8268543563,1145875.6125679815,898479.2542044653,932300.5723225892,996622.6936088859,997503.9709552984,951535.029824901,966567.9923743804,1072553.0938274404,951535.029824901,873784.8601755264,1288936.6417016974,1245380.4122752198
2023-10-19,1159021.6921056947,1145875.6125679815,898479.2542044653,930285.8190384526,994468.93665045,995348.3095076015,936803.6871086139,953031.2652945302,1060619.116538948,936803.6871086139,862306.6317796259,1272349.6820833716,1225295.0566637889
2023-10-20,1141979.1982858342,1145875.6125679815,898479.2542044653,916606.7046356302,979846.0604589637,980712.5028363967,921186.4574342004,939275.091740866,1046734.9515835338,921186.4574342004,848431.1967858528,1260615.917999505,1209535.5684589501
2023-10-23,1141979.1982858342,1145875.6125679815,898479.2542044653,917242.9425148313,980526.1942353119,981393.2380304062,918762.9911110449,936436.6630216785,1046828.9888052457,918762.9911110449,849649.8607957779,1261714.9046275555,1204310.4248818723
2023-10-24,1141979.1982858342,1145875.6125679815,898479.2542044653,919575.8147385684,983020.018081922,983889.2670751077,930966.072191323,947000.7953156539,1060832.960013777,930966.072191323,868860.2089240445,1279859.7646641454,1222295.5958982015
2023-10-25,1126571.9604860828,1145875.6125679815,898479.2542044653,907169.1760941482,969757.4094431322,970614.9307919219,907155.6001207494,924161.8639178982,1034565.140610912,907155.6001207494,853076.3218738898,1269155.9208822148,1201833.5258045415
2023-10-26,1098852.1010258468,1117680.777214906,898479.2542044653,884847.830498845,945896.0494562497,946732.4710687541,893113.485500494,911599.6809053676,1024021.3186493778,893113.485500494,842471.9342631153,1255017.0959295833,1194823.9324604503
2023-10-27,1098852.1010258468,1126587.9342266852,898479.2542044653,891899.4669933232,945896.0494562497,954277.2861356932,889186.6301447672,906197.536623257,1021550.5083474062,889186.6301447672,835150.2645468367,1213937.192808193,1174064.9753870207
2023-10-30,1098852.1010258468,1140450.9530344917,898479.2542044653,902874.5704095411,945896.0494562497,966019.9682323576,899094.0858637714,916415.7807731142,1029066.6468576064,899094.0858637714,837585.7911778126,1218423.5564716537,1179578.6397640058
2023-10-31,1098852.1010258468,1143665.5660913747,898479.2542044653,905419.5219263454,945896.0494562497,968742.9090083957,903578.298535665,921309.4759158574,1038960.5270000737,903578.298535665,839289.5463027492,1231872.3259738437,1185794.7121476654
2023-11-01,1098852.1010258468,1165096.319803926,898479.2542044653,922385.8653717063,945896.0494562497,986895.8475153166,915412.6267822437,933454.5189003543,1052350.7557918245,915412.6267822437,852067.4330976788,1240198.6430321308,1192323.1257916633
2023-11-02,1121590.8925628534,1165096.319803926,898479.2542044653,941473.0017477375,945896.0494562497,1007317.9033356024,936030.7347165054,950164.8362726234,1079075.354472475,936030.7347165054,863638.9777231532,1263665.5350500639,1212849.3253591084
2023-11-03,1115779.8680589518,1165096.319803926,898479.2542044653,936595.1780071963,945896.0494562497,1002098.9335148627,947744.6811162402,959913.0066519389,1095860.7756750262,947744.6811162402,884884.943896836,1281622.1442220195,1237166.0145136835
2023-11-06,1115779.8680589518,1165096.319803926,898479.2542044653,950274.2924100185,945896.0494562497,1016734.7401860675,948897.2180105536,962610.6219249554,1093355.2616230636,948897.2180105536,877077.2750654508,1289534.6939620725,1236859.5999762486
2023-11-07,1131903.6746665102,1165096.319803926,898479.2542044653,964006.4266361076,945896.0494562497,1031427.2747901066,956722.4583044997,967564.5683014654,1103730.464760872,956722.4583044997,887083.2399758917,1294068.0363826302,1252254.0609547987
2023-11-08,1138564.8611800575,1165096.319803926,898479.2542044653,969679.5477256501,945896.0494562497,1037497.1636033583,959914.3339619376,969334.2556413374,1101938.3009650828,959914.3339619376,886155.034183232,1291459.8219418742,1255389.3409117116
2023-11-09,1135576.6653608961,1165096.319803926,898479.2542044653,967134.5962088461,945896.0494562497,1034774.2228273202,953328.4052167638,962127.9264037681,1093115.8578084596,953328.4052167638,874845.3601828492,1276555.5038959016,1240098.12814103
2023-11-10,1160416.0431076752,1165096.319803926,898479.2542044653,988289.5056922807,945896.0494562497,1057408.6680281372,976470.6560954867,982777.7738762492,1117482.8586683653,976470.6560954867,900660.2947390251,1314146.290361581,1276562.6522019538
2023-11-13,1150455.3903771373,1165096.319803926,898479.2542044653,988289.5056922807,937776.7700617755,1048332.1987746768,975852.2675782017,982317.8632464776,1116279.7029093388,975852.2675782017,895840.014743116,1308022.6028140832,1281451.710063691
2023-11-14,1166890.4673825249,1165096.319803926,898479.2542044653,988289.5056922807,951173.5810626579,1063308.3730428864,993852.2090827506,998850.3461547106,1143676.4847352381,993852.2090827506,914210.1683736623,1341238.4297759081,1310996.8129834244
2023-11-15,1170438.949917779,1165096.319803926,901211.5054576478,988289.5056922807,954066.0743469393,1066541.8652144317,991133.0726526753,994688.6624516387,1145238.935795745,991133.0726526753,916668.4929921392,1328682.780036512,1319288.6232236845
2023-11-16,1181022.1434439756,1165096.319803926,909360.3249846838,988289.5056922807,962692.8087035683,1076185.6137962334,990286.5125068733,991329.9623237643,1141196.226679843,990286.5125068733,910201.9100752069,1319725.8758133973,1321186.3874445967
2023-11-17,1180897.6352848439,1165096.319803926,909264.4565196597,988289.5056922807,962591.3177111372,1076072.157930565,995362.1918350856,995827.4786845038,1145907.2428634488,995362.1918350856,915426.3622145157,1325577.5357197693,1335960.0299591927
2023-11-20,1191854.3532884356,1165096.319803926,917700.8814417673,988289.5056922807,971522.5250450589,1086056.2741093712,1008416.7276486281,1006585.8396910337,1159264.461305286,1008416.7276486281,935056.1851716565,1349737.8183117753,1364818.3962612601
2023-11-21,1186811.7728436007,1165096.319803926,913818.2086082973,988289.5056922807,967412.1398516063,1081461.311549807,1002409.4782975509,1002564.7960722749,1152908.2213399096,1002409.4782975509,922230.0722655817,1336804.2663327628,1341386.1073253008
2023-11-22,1190982.7961745136,1165096.319803926,917029.8021865998,988289.5056922807,970812.0880980425,1085262.0830496938,1007356.049636152,1006988.1539394741,1157208.0967822399,1007356.049636152,932328.243161659,1344837.0688807433,1348615.1674662551
2023-11-24,1182640.749512688,1165096.319803926,910606.6150299951,988289.5056922807,964012.1916051703,1077660.5400499206,1009654.9177977318,1008966.9592350031,1159815.9290769654,1009654.9177977318,936605.2854207605,1352716.714789358,1354365.3435524153
2023-11-27,1181520.1760805026,1165096.319803926,909743.7988447795,988289.5056922807,963098.7726732919,1076639.4372589064,1008202.4178114143,1007657.7451696843,1157575.6048845905,1008202.4178114143,935542.765472197,1364062.9020120036,1352139.7012246044
2023-11-28,1185317.6749340203,1165096.319803926,912667.78702801,988289.5056922807,966194.2479424353,1080099.8411617882,1008933.9808637757,1007438.2183023968,1159287.9906247824,1008933.9808637757,938064.2808023761,1391708.172392644,1384990.4336414663
2023-11-29,1178905.5047387364,1165096.319803926,907730.5610792766,988289.5056922807,960967.4618322424,1074256.8640798728,1013684.0589039418,1009821.374447522,1164424.9393605334,1013684.0589039418,948587.3189056941,1425072.4160215126,1409316.5663371359
2023-11-30,1182516.2413535563,1165096.319803926,910510.746564971,988289.5056922807,963910.7006127393,1077547.0841842522,1014852.8317393336,1012511.5127744819,1166026.602829345,1014852.8317393336,948987.2217558135,1430330.5320340404,1412954.4706952104
2023-12-01,1190547.0176175525,1165096.319803926,916694.262559016,988289.5056922807,970456.8696245343,1084864.987519855,1022908.3391500327,1019460.7959577998,1176768.924506244,1022908.3391500327,959925.2413172589,1432401.686698944,1420361.9675364203
2023-12-04,1179279.0292161314,1165096.319803926,908018.1664743484,988289.5056922807,961271.9348095353,1074597.2316768777,1016780.3311837511,1014509.3033052579,1171257.0422893283,1016780.3311837511,958466.7810738315,1422184.9437248118,1406331.7540464778
2023-12-05,1204118.4069629104,1165096.319803926,927143.9252466265,988289.5056922807,981519.3877995054,1097231.6768776944,1012906.9202499848,1010628.1700031674,1165475.2987128412,1012906.9202499848,962477.3724994977,1419743.1705758525,1407124.2619851064
2023-12-06,1197270.4582106657,1165096.319803926,921871.1596703093,988289.5056922807,975937.3832158044,1090991.6042659404,1009378.7274467369,1009097.9028208297,1160395.2614328177,1009378.7274467369,952840.201096511,1402747.0321540325,1381466.4117930944
2023-12-07,1209410.003726009,1165096.319803926,931218.3350101445,988289.5056922807,985832.7549778199,1102053.5511685954,1019484.2925078638,1017449.3700820733,1170720.9186484704,1019484.2925078638,962332.1006063524,1414409.8211461515,1397659.808588231
2023-12-08,1218374.5911834931,1165096.319803926,938120.8644918689,988289.5056922807,993140.1064328467,1110222.3734967099,1023500.3529294532,1019476.554214006,1174881.026792725,1023500.3529294532,968622.8612738336,1427015.0275458458,1413135.800270379
2023-12-11,1202624.30905333,1165096.319803926,925993.5036663392,988289.5056922807,980301.4958903342,1095870.2064896754,1038602.065837934,1035690.2017041373,1192361.2662931313,1038602.065837934,972532.1022031836,1435111.4671272817,1430786.6341315273
2023-12-12,1212149.183226907,1165096.319803926,933327.4412406714,988289.5056922807,988065.5568113003,1104549.580213297,1046233.5089387612,1044073.3279322302,1200219.5805177074,1046233.5089387612,977496.8182609708,1454974.5254333082,1448041.1702926173
2023-12-13,1232381.7590858121,1165096.319803926,948906.0668070634,988289.5056922807,1004557.8430813261,1122986.1583843885,1063042.9371107812,1059183.2782018627,1221567.8174896915,1063042.9371107812,990531.8112823046,1481970.4701643612,1478448.752572294
2023-12-14,1233315.5702793002,1165096.319803926,949625.0802947431,988289.5056922807,1005319.025524558,1123837.0773769005,1066941.6072586873,1058833.9983483283,1225410.8558222465,1066941.6072586873,1003016.168217125,1485646.425458785,1482084.31564942
2023-12-15,1229953.8499827434,1165096.319803926,947036.6317390963,988289.5056922807,1002578.7687289229,1120773.7690038574,1068301.3248194864,1059701.147281717,1226620.476411799,1068301.3248194864,1005861.8012379783,1505805.939487948,1490975.8127186324
2023-12-18,1219495.1646156786,1165096.319803926,938983.6806770844,988289.5056922807,994053.5253647249,1111243.476287724,1071040.6290804276,1062907.5787713188,1229584.7051996654,1071040.6290804276,1004275.9907782751,1512921.3541661978,1496454.6787850976
2023-12-19,1226031.8429700942,1165096.319803926,944016.7750908418,988289.5056922807,999381.8024673488,1117199.9092353075,1075708.7345483042,1066617.8313599702,1236441.9606115192,1075708.7345483042,1007085.2048766435,1515446.6003514025,1499995.0814280051
2023-12-20,1212896.2321816974,1165096.319803926,933902.6520308151,988289.5056922807,988674.5027658859,1105230.3154073067,1055687.387134875,1048728.2486600345,1214820.60106493,1055687.387134875,985257.1557764456,1483473.6306029183,1460341.4386449049
2023-12-21,1211962.4209882093,1165096.319803926,933183.6385431355,988289.5056922807,987913.3203226539,1104379.3964147947,1071676.859694246,1063167.5854609215,1232239.0114340207,1071676.859694246,1005295.1498022577,1497229.5890538932,1483889.884293353
2023-12-22,1205238.9803950961,1165096.319803926,928006.7414318421,988289.5056922807,982432.8067313837,1098252.779668709,1075105.9297180271,1066854.1154063705,1235725.0988673698,1075105.9297180271,1001614.5682200644,1507479.0087063184,1492645.533781464
2023-12-26,1201815.0060189737,1165096.319803926,925370.3586436835,988289.5056922807,979641.8044395333,1095132.7433628319,1082023.5311053726,1072904.016153303,1244149.3148876978,1082023.5311053726,1017339.9556171326,1527292.0008967125,1514817.0338733578
2023-12-27,1202437.5468146324,1165096.319803926,925849.7009688033,988289.5056922807,980149.2594016879,1095700.022691173,1084599.9326642992,1074922.248911509,1246712.7833289888,1084599.9326642992,1020191.9996772293,1544551.1644536278,1535437.2172964148
2023-12-28,1205114.4722359644,1165096.319803926,927910.8729668182,988289.5056922807,982331.3157389528,1098139.3238030407,1085663.4502920087,1076012.477079632,1247733.172103691,1085663.4502920087,1023231.2484699563,1542331.7149640995,1542957.007496765
2023-12-29,1198577.7938815488,1165096.319803926,922877.7785530607,988289.5056922807,977003.0386363291,1092182.8908554572,1079431.0651844542,1071828.730903184,1240813.1858954616,1079431.0651844542,1009481.7816916438,1522767.4159895217,1521582.31295208
2024-01-02,1155684.7330606696,1165096.319803926,889851.0923523097,988289.5056922807,942039.3917438743,1053097.3451327432,1062359.356670389,1057514.8705942957,1222530.0798546604,1062359.356670389,984589.1205723288,1479287.008174468,1477672.1074993506
2024-01-03,1155684.7330606696,1156372.5324492208,883188.2340331451,988289.5056922807,942039.3917438743,1045212.1624687995,1047283.7895937092,1044665.7948845179,1206382.7257403776,1047283.7895937092,964173.8766296225,1448741.1563645226,1443229.486473513
2024-01-04,1155684.7330606696,1141686.4443844655,871971.623625343,975738.0948737193,942039.3917438743,1031937.8261856138,1046694.0581298724,1043223.452430483,1204601.2812489506,1046694.0581298724,971666.1226665246,1459295.8086543384,1453296.9758677704
2024-01-05,1155684.7330606696,1137104.8869967426,868472.4246519688,971822.4838063903,942039.3917438743,1027796.6870887225,1047057.6910076182,1042749.5122840784,1204640.715425811,1047057.6910076182,966523.6563772534,1461359.0909086883,1455839.9238713905
2024-01-08,1155684.7330606696,1164594.2313230797,889467.618492214,995316.1502103641,942039.3917438743,1052643.5216700702,1068311.0114651604,1060953.39380994,1227619.417554934,1068311.0114651604,984631.4606815639,1505022.3222686516,1493969.7419206756
2024-01-09,1155684.7330606696,1161958.2667986362,887454.3807267109,993063.3328839557,942039.3917438743,1050260.948491037,1069379.9990573025,1061797.184827574,1227303.7927542708,1069379.9990573025,985822.8729492861,1526226.4027889776,1505093.7510987595
2024-01-10,1155684.7330606696,1168548.1781097446,892487.4751404683,998695.3761999769,942039.3917438743,1056217.3814386204,1073283.5254812036,1065153.142718553,1231719.9387104888,1073283.5254812036,989632.6254611593,1521298.4529179158,1499181.9535226515
2024-01-11,1155684.7330606696,1168548.1781097446,889611.4211897498,995477.0657336791,942039.3917438743,1052813.7054685727,1074581.923726993,1066327.9301339984,1232709.9922225478,1074581.923726993,996070.613781498,1528422.3505927653,1496582.0301437739
2024-01-12,1155684.7330606696,1168548.1781097446,891193.250862645,997247.1364901428,942039.3917438743,1054685.727252099,1074994.8272702172,1068954.551152009,1233134.781399017,1074994.8272702172,989529.7972292155,1507703.1623369372,1476617.814691835
2024-01-16,1155684.7330606696,1168548.1781097446,880216.3116174027,984963.9182104396,942039.3917438743,1041695.0306330837,1073600.7357732798,1067195.604467601,1232215.8473305386,1073600.7357732798,997264.5046368903,1524135.1752046002,1481591.441559943
2024-01-17,1155684.7330606696,1162502.7565054083,875662.559528765,979868.2599721348,942039.3917438743,1036305.8770138415,1068007.870308782,1061864.6666620055,1225889.2097395703,1068007.870308782,984387.195031981,1505634.5966497825,1475386.5053656935
2024-01-18,1155684.7330606696,1200366.1865536193,875662.559528765,1011783.1720962545,942039.3917438743,1070058.9970501475,1082478.7327281672,1075173.4604446024,1241246.0686376519,1082478.7327281672,1000757.9865366698,1529719.3249426144,1490439.5141529476
2024-01-19,1155684.7330606696,1200366.1865536193,875662.559528765,1027499.2548733421,942039.3917438743,1086680.281370547,1099502.5724551834,1089730.260388234,1260732.4055453835,1099502.5724551834,1035312.7161855226,1576397.241104118,1537156.6214106607
2024-01-22,1155684.7330606696,1200366.1865536193,875662.559528765,1039997.0271841318,942039.3917438743,1099897.8897208984,1103444.451705044,1092256.1322105133,1266730.8086082176,1103444.451705044,1034494.8040516237,1590326.7095087867,1547787.2493544258
2024-01-23,1155684.7330606696,1200366.1865536193,875662.559528765,1046916.3946866721,942039.3917438743,1107215.793056501,1107710.7622162893,1097376.0999264468,1271171.7211065195,1107710.7622162893,1035187.5482648062,1598098.9050866554,1543787.8145482086
2024-01-24,1151658.36960908,1200366.1865536193,875662.559528765,1043268.9761582013,942039.3917438743,1103358.2936237801,1107155.6667735965,1095737.7572110835,1268149.8322899328,1107155.6667735965,1047014.0476160592,1611003.356903542,1546185.0103452564
2024-01-25,1149704.3991105144,1200366.1865536193,875662.559528765,1041498.9054017374,942039.3917438743,1101486.271840254,1112171.8802543685,1102201.7056328307,1272812.4407684817,1112171.8802543685,1042575.2057113637,1611844.8006420352,1538308.4419237399
2024-01-26,1139342.4343453941,1200366.1865536193,875662.559528765,1041498.9054017374,942039.3917438743,1091558.8835942817,1107543.6951056027,1098676.8690788436,1268453.0226153191,1107543.6951056027,1037336.9956281602,1598275.3256364658,1522199.2567081589
2024-01-29,1139342.4343453941,1200366.1865536193,875662.559528765,1041498.9054017374,942039.3917438743,1087644.656228727,1118614.4142517464,1108045.5042371105,1281492.2282595849,1118614.4142517464,1058374.8856336863,1614523.3851365827,1560946.7884321252
2024-01-30,1139342.4343453941,1200366.1865536193,875662.559528765,1041498.9054017374,942039.3917438743,1066712.0490129339,1111074.3987647593,1103638.8479112892,1273555.0110868264,1111074.3987647593,1041170.3793311624,1599995.9949955847,1537963.2883785956
2024-01-31,1139342.4343453941,1200366.1865536193,875662.559528765,1041498.9054017374,942039.3917438743,1046063.0814613117,1093470.8365446175,1087119.2383960374,1253597.5036710098,1093470.8365446175,1023250.5096168481,1572623.0862522123,1506327.0427067536
2024-02-01,1139342.4343453941,1200366.1865536193,875662.559528765,1041498.9054017374,942039.3917438743,1060018.152938507,1105034.245711709,1098983.604896869,1267910.23429697,1105034.245711709,1038007.2254605304,1586728.5246819246,1529134.839986248
2024-02-02,1133184.156176236,1200366.1865536193,875662.559528765,1041498.9054017374,942039.3917438743,1054288.63172226,1114850.8802215073,1107045.1679384168,1274685.9177664276,1114850.8802215073,1070478.2948907842,1615049.3424098135,1540950.1965939528
2024-02-05,1144342.224542136,1200366.1865536193,875662.559528765,1041498.9054017374,942039.3917438743,1064669.8434309054,1112703.0663446335,1104171.8975422992,1269395.0023986676,1112703.0663446335,1069759.7778864922,1598637.9223510984,1532110.3781969792
2024-02-06,1154219.8588332606,1200366.1865536193,875662.559528765,1041498.9054017374,942039.3917438743,1073859.7685500341,1113338.7170041231,1105473.7296540232,1276449.2906522914,1113338.7170041231,1065630.2047891498,1593435.7545429259,1520422.6696557342
2024-02-07,1154890.562396238,1200366.1865536193,875662.559528765,1041498.9054017374,942039.3917438743,1074483.7758112093,1124274.5742368011,1113540.3951781916,1287622.2990191833,1124274.5742368011,1094844.0187851177,1645971.7639862993,1561211.0772740957
2024-02-08,1148244.499817642,1200366.1865536193,875662.559528765,1041498.9054017374,942039.3917438743,1068300.4311322893,1136360.5460480296,1121523.3336095738,1301232.2471321244,1136360.5460480296,1092814.9817954658,1658914.0855075398,1643636.2720654807
2024-02-09,1151476.0715301705,1200366.1865536193,875662.559528765,1041498.9054017374,942039.3917438743,1071307.0115724984,1145024.4089791828,1127637.970442518,1311278.340750476,1145024.4089791828,1104785.6524196952,1708795.9159688093,1678544.7185675134
2024-02-12,1141110.6528296077,1200366.1865536193,875662.559528765,1041498.9054017374,942039.3917438743,1061663.2629906966,1144804.7462590018,1123431.1489113509,1315382.4373278024,1144804.7462590018,1129656.8892033212,1723522.5678196629,1709152.95496777
2024-02-13,1128245.3390306737,1200366.1865536193,875662.559528765,1041498.9054017374,942039.3917438743,1049693.6691626958,1121246.4054429168,1104980.9045000467,1289168.9510419015,1121246.4054429168,1093229.590493337,1648826.9425363948,1652433.228184607
2024-02-14,1122818.7374756732,1194592.7002477788,875662.559528765,1036489.5343154451,942039.3917438743,1044644.8831404585,1137673.3240919332,1117752.3066576077,1307137.3288556524,1137673.3240919332,1127242.058462215,1712563.1418638774,1717908.233572135
2024-02-15,1121050.5189914596,1192711.451900932,875662.559528765,1034857.2673322712,942039.3917438743,1042999.7730882687,1147644.4932534238,1124894.9072046934,1318486.9558347452,1147644.4932534238,1141936.960124739,1712984.9013832866,1708990.8639939178
2024-02-16,1121050.5189914596,1182656.5038401985,875662.559528765,1026133.0817325484,942039.3917438743,1034206.9434989789,1136344.4961416945,1115593.0437491017,1306594.3205069043,1136344.4961416945,1120952.8997338605,1671142.2766110718,1688554.5482373317
2024-02-20,1121050.5189914596,1177791.2063914565,875662.559528765,1021911.7016036503,942039.3917438743,1029952.3485364192,1127616.2872650514,1111488.7286380674,1299673.7775427145,1127616.2872650514,1087471.103242253,1630294.053362249,1647493.3178695014
2024-02-21,1121050.5189914596,1182721.3744728484,875662.559528765,1026189.3668009337,942039.3917438743,1034263.6714318129,1117804.3638915052,1105369.269782319,1291686.8814332215,1117804.3638915052,1037575.1065650047,1590127.3307577271,1566599.9690459336
2024-02-22,1121050.5189914596,1196019.8541660765,875662.559528765,1037727.8058199219,942039.3917438743,1045892.8976628092,1150510.1146928912,1131565.3640489562,1320149.29121769,1150510.1146928912,1092967.8059532966,1693147.9719567848,1665244.7959756472
2024-02-23,1121050.5189914596,1196019.8541660765,875662.559528765,1027315.0681686399,942039.3917438743,1035398.2300884956,1148803.3956655236,1130880.135936284,1316614.5055591592,1148803.3956655236,1081034.4580462277,1675928.3587044117,1650711.6226922134
2024-02-26,1121050.5189914596,1187108.0253162745,875662.559528765,1019660.298868238,942039.3917438743,1027683.2312230541,1158797.4024580999,1135525.4826065442,1323929.8746427044,1158797.4024580999,1104797.4296668663,1711538.1975559767,1706812.7777136199
2024-02-27,1121050.5189914596,1196740.6638524574,875662.559528765,1027934.2039208782,942039.3917438743,1036022.2373496711,1164200.5307462253,1138210.4127465468,1329989.332822774,1164200.5307462253,1112880.1365595143,1733192.3294201903,1717749.341985975
2024-02-28,1121050.5189914596,1196740.6638524574,875662.559528765,1021123.710646256,942039.3917438743,1029158.1574767415,1163407.9748586805,1137741.9543674334,1327042.137970413,1163407.9748586805,1121576.4530536763,1732053.6598681943,1717990.4127655758
2024-02-29,1121050.5189914596,1192320.9954323212,875662.559528765,1017352.6110644403,942039.3917438743,1025357.385976855,1173960.0374278603,1143185.30744593,1336984.4084314075,1173960.0374278603,1144523.7798245086,1779095.5668096172,1761984.2682313311
2024-03-01,1121050.5189914596,1185130.788599562,875662.559528765,1011217.5386104418,942039.3917438743,1019174.0412979351,1191105.5475430053,1155970.4090336044,1353279.0213696554,1191105.5475430053,1176712.9920129373,1825895.614766368,1817683.6963913322
2024-03-04,1121050.5189914596,1155050.657262514,875662.559528765,985551.5474267413,942039.3917438743,993306.1039255729,1193332.7918232812,1155250.2422479575,1350933.4914753446,1193332.7918232812,1203705.0536321376,1875131.8965504856,1874471.4705555479
2024-03-05,1121050.5189914596,1122199.9875128437,875662.559528765,957521.5833708581,942039.3917438743,965055.5933741775,1171205.9911044138,1139340.186890627,1328273.4275611402,1171205.9911044138,1163342.0754355497,1815079.145979832,1810914.631729085
2024-03-06,1121050.5189914596,1115603.4674827892,875662.559528765,951893.0765323273,942039.3917438743,959382.8000907648,1186526.4826217992,1148402.5538432233,1342403.72617544,1186526.4826217992,1217327.997167825,1899322.2238405056,1880723.53507684
2024-03-07,1121050.5189914596,1114811.8850791827,875662.559528765,951217.6557117036,942039.3917438743,958702.0648967552,1198796.7621288558,1156083.5171855337,1356426.186179687,1198796.7621288558,1242592.6421202908,1940256.3761495631,1929323.6310869907
2024-03-08,1121050.5189914596,1126223.8647311768,875662.559528765,960954.9725423618,942039.3917438743,968515.9972770591,1182667.1755514857,1144008.5249485,1343602.7803551243,1182667.1755514857,1229560.6786915383,1869265.727649198,1864273.8595807801
2024-03-11,1121050.5189914596,1139548.8351918864,875662.559528765,972324.5563561941,942039.3917438743,979975.039709553,1174449.4317232242,1140457.133846117,1342980.4224629381,1174449.4317232242,1205842.4177756405,1825300.447382598,1813844.1108633403
2024-03-12,1121050.5189914596,1142715.1648063124,875662.559528765,975026.2396386887,942039.3917438743,982697.9804855911,1188157.0597384346,1150471.608817192,1354354.282077854,1188157.0597384346,1230179.941278186,1878739.0548322627,1855872.0701804038
2024-03-13,1121050.5189914596,1142715.1648063124,875662.559528765,963206.3752777742,942039.3917438743,970785.1145904242,1182020.742732002,1145338.991437706,1349509.5537291989,1182020.742732002,1238991.8473991486,1896667.538764955,1874034.0462019413
2024-03-14,1121050.5189914596,1155202.0306871505,875662.559528765,973731.6830658268,942039.3917438743,981393.2380304062,1173335.9266329284,1138761.5033174544,1339480.703771606,1173335.9266329284,1222578.7604355956,1862670.947439832,1839788.107750051
2024-03-15,1121050.5189914596,1155202.0306871505,875662.559528765,971592.850467185,942039.3917438743,979237.5765827093,1167064.6555415683,1133061.221669798,1329403.8892790119,1167064.6555415683,1219234.7425578833,1848868.245126867,1835390.4587843649
2024-03-18,1121050.5189914596,1155202.0306871505,875662.559528765,977784.2079895689,942039.3917438743,985477.6491944634,1169294.8465362538,1134934.5623922278,1337956.9152582665,1169294.8465362538,1221156.4622085134,1863009.9614497158,1837516.8481062988
2024-03-19,1121050.5189914596,1155202.0306871505,875662.559528765,991067.4841285016,942039.3917438743,998865.4413433175,1170231.6696695585,1138466.5573070566,1339273.2966453575,1170231.6696695585,1215026.132269282,1844522.3354921206,1817388.0925324159
2024-03-20,1121050.5189914596,1155202.0306871505,875662.559528765,1005645.3168402963,942039.3917438743,1013557.9759473563,1186773.9248330109,1150867.1079152524,1356236.3244469513,1186773.9248330109,1253147.9660371572,1886245.6958077042,1878008.03345399
2024-03-21,1121050.5189914596,1155202.0306871505,875662.559528765,964557.2169190216,942039.3917438743,972146.5849784435,1200567.9107046362,1160977.1594191964,1365430.9004500604,1200567.9107046362,1269630.6695793332,1897947.0602118378,1893285.0526498691
2024-03-22,1121050.5189914596,1155202.0306871505,875662.559528765,969679.1581420846,942039.3917438743,977308.826866349,1196478.4832503863,1156533.3926105676,1360911.420123857,1196478.4832503863,1270674.7257525006,1902046.866826488,1890004.1279583906
2024-03-25,1121050.5189914596,1155202.0306871505,875662.559528765,961630.3933629855,942039.3917438743,969196.7324710687,1198623.2327489664,1152530.4655813908,1361798.93669278,1198623.2327489664,1319657.415591749,1929330.7071920745,1950955.712653062
2024-03-26,1121050.5189914596,1155202.0306871505,875662.559528765,955213.8955670604,942039.3917438743,962729.7481279783,1197696.3628351698,1152055.0737058131,1361673.7282645835,1197696.3628351698,1305109.463965817,1924190.1353645113,1932539.1084297271
2024-03-27,1121050.5189914596,1179706.93499729,875662.559528765,975476.5201857713,942039.3917438743,983151.8039482642,1203896.4832763674,1161554.4119770988,1369434.2738775427,1203896.4832763674,1298237.5824082766,1900801.3166716157,1912462.5392668943
2024-03-28,1121050.5189914596,1179706.93499729,875662.559528765,965176.3526712599,942039.3917438743,972770.5922396187,1201134.4819472043,1161694.5175681654,1367163.1629413925,1201134.4819472043,1282332.64040625,1885278.543227476,1874308.7659560787
2024-04-01,1121050.5189914596,1179706.93499729,875662.559528765,957015.0177553903,942039.3917438743,964545.0419786703,1199966.0610087255,1158543.129477346,1365780.3549004656,1199966.0610087255,1287449.7665004157,1905008.227544913,1886933.6543793168
2024-04-02,1121050.5189914596,1179706.93499729,875662.559528765,950317.0946175387,942039.3917438743,957794.4179714092,1187795.4252989572,1147369.5603962182,1352182.0057997238,1187795.4252989572,1275613.3454537247,1890143.966197229,1871002.1939865944
2024-04-03,1121050.5189914596,1185366.5098453579,875662.559528765,954876.1851567486,942039.3917438743,962389.3805309734,1194918.060772275,1151031.1677244175,1355442.3674914537,1194918.060772275,1299240.0646582886,1920760.8501627836,1901053.5482408437
2024-04-04,1121050.5189914596,1185366.5098453579,875662.559528765,950204.524480768,942039.3917438743,957680.9621057408,1175628.8063067687,1135088.9039643896,1335688.515338131,1175628.8063067687,1272271.3188068934,1873559.4824991042,1868584.7901169693
2024-04-05,1121050.5189914596,1190702.8357989325,875662.559528765,954482.1896780515,942039.3917438743,961992.2850011346,1191751.7896995386,1149543.753682874,1349080.9761289146,1191751.7896995386,1288801.578735118,1912514.5251822658,1895309.7364252147
2024-04-08,1113580.3745967175,1190702.8357989325,875662.559528765,948121.9769505116,942039.3917438743,955582.028590878,1194521.4217702642,1150538.6213069304,1353102.7180335287,1194521.4217702642,1298806.5958481475,1919018.3100595754,1914192.3686784827
2024-04-09,1113580.3745967175,1199326.5072722165,875662.559528765,954988.7552935191,942039.3917438743,962502.8363966416,1195069.5321973348,1152742.446442884,1358328.2993627712,1195069.5321973348,1285578.5006340565,1893237.1944263976,1887465.5586807674
2024-04-10,1113580.3745967175,1199326.5072722165,875662.559528765,944350.877368696,942039.3917438743,951781.2570909916,1184632.5277372678,1140391.7768476757,1342378.0957292626,1184632.5277372678,1300744.8085893306,1908851.149403962,1903107.8599349984
2024-04-11,1113580.3745967175,1251222.504666401,875662.559528765,985213.8370164295,942039.3917438743,992965.7363285681,1198431.971287401,1149786.4395609042,1355897.493232726,1198431.971287401,1317638.7507638282,1954814.5337710246,1945437.8360838643
2024-04-12,1123186.7866490546,1251222.504666401,875662.559528765,993712.8823426111,942039.3917438743,1001531.6541865215,1176199.236000233,1131924.307590137,1330088.2449989475,1176199.236000233,1284186.908511458,1902232.4402241919,1888901.768807743
2024-04-15,1098629.9982238754,1251222.504666401,875662.559528765,971986.8459458821,942039.3917438743,979634.6721125481,1157333.343444848,1117924.0493269868,1310121.4006835541,1157333.343444848,1247295.2703289036,1844642.9940262327,1825692.1127563734
2024-04-16,1077572.23405617,1251222.504666401,875662.559528765,953356.4883103452,942039.3917438743,960857.726344452,1157983.1907970153,1118049.8132658158,1308754.7293680846,1157983.1907970153,1242562.2103076428,1850701.0807627144,1821516.0098089029
2024-04-17,1077572.23405617,1251222.504666401,875662.559528765,945589.1488731728,942039.3917438743,953029.2716133423,1140008.466673232,1107050.2671587016,1293901.7632484916,1140008.466673232,1229671.8896266583,1796899.2615081677,1758541.7300074748
2024-04-18,1077572.23405617,1244072.661782593,875662.559528765,940185.7823081831,942039.3917438743,947583.3900612661,1131312.6500274157,1100017.4812740462,1285477.9731829106,1131312.6500274157,1219723.4794797613,1775008.2736773281,1744749.5790672365
2024-04-19,1077572.23405617,1228879.245654501,875662.559528765,928703.6283575804,942039.3917438743,936010.8917631041,1112856.079358966,1087961.7243916988,1270532.6940161658,1112856.079358966,1213444.7706714058,1685892.087276499,1650828.3883900247
2024-04-22,1077572.23405617,1235135.358177833,875662.559528765,933431.5741019463,942039.3917438743,940776.0381211708,1126770.539444034,1098188.2343618858,1285255.200764284,1126770.539444034,1226228.6296708826,1721258.6518572087,1692975.5196495375
2024-04-23,1077572.23405617,1243029.9763620377,875662.559528765,939397.7913507889,942039.3917438743,946789.1990015884,1143935.710201298,1109896.037193853,1303911.5265888409,1143935.710201298,1238140.5975553936,1780000.3547746611,1739245.065579851
2024-04-24,1077572.23405617,1243029.9763620377,875662.559528765,951330.2258484743,942039.3917438743,958815.5207624235,1147491.2318558318,1116884.2097741172,1308540.9294038215,1147491.2318558318,1238333.1991360222,1758817.0596518216,1722819.7514319543
2024-04-25,1077572.23405617,1243029.9763620377,875662.559528765,956227.0267979959,942039.3917438743,963750.8509189924,1146053.5775608888,1116338.6196253728,1305365.865802514,1146053.5775608888,1238229.2873153484,1736218.267128026,1709105.5857346286
2024-04-26,1077572.23405617,1243029.9763620377,875662.559528765,952906.2077632629,942039.3917438743,960403.902881779,1164135.3969064204,1128506.0159639728,1314923.699688393,1164135.3969064204,1277261.6563817828,1782864.6457509617,1762532.1616920251
2024-04-29,1077572.23405617,1243029.9763620377,875662.559528765,976545.9364850922,942039.3917438743,984229.6346721125,1164950.9715886586,1130842.2252898007,1319908.005743865,1164950.9715886586,1262287.2025374535,1771337.561350747,1760891.0297481185
2024-04-30,1057884.026667363,1243029.9763620377,875662.559528765,958703.5698069496,942039.3917438743,966246.8799636941,1142544.6379166786,1112836.4865571125,1294263.5286566636,1142544.6379166786,1241474.5332724415,1733792.9276851565,1698891.2917760075
2024-05-01,1051486.911963744,1243029.9763620377,875662.559528765,952906.2077632629,942039.3917438743,960403.902881779,1130906.2228647156,1103250.535904534,1285679.082237299,1130906.2228647156,1219426.4835373727,1695753.2005159184,1663255.3537753655
2024-05-02,1051486.911963744,1243029.9763620377,875662.559528765,973900.5382709827,942039.3917438743,981563.4218289085,1140361.4517466887,1112186.1138499957,1301987.4358005836,1140361.4517466887,1229719.5895131954,1691958.447084027,1707375.0450444284
2024-05-03,1114382.8810952518,1243029.9763620377,875662.559528765,1032155.5840497763,942039.3917438743,1040276.8323122305,1150293.7095395438,1119296.0725141221,1320467.3127776491,1150293.7095395438,1242982.3992360395,1749327.6555950048,1758460.06687777
2024-05-06,1104234.4493609893,1243029.9763620377,875662.559528765,1022755.97762943,933460.4530143931,1030803.2675289314,1161741.6268239676,1128236.203451843,1333888.921484402,1161741.6268239676,1242789.0498025382,1817753.2692106834,1809486.6106458625
2024-05-07,1108427.5139697564,1243029.9763620377,875662.559528765,1026639.6473480162,937005.0444654961,1034717.4948944862,1160076.0576657578,1128393.319478519,1332469.888420335,1160076.0576657578,1236845.864092681,1768306.7546245696,1792070.0909778972
2024-05-08,1110493.6617479895,1243029.9763620377,875662.559528765,1026639.6473480162,938751.6547457498,1036646.2446108464,1158916.6249889447,1126884.6667908104,1327316.6979049488,1158916.6249889447,1239755.1035106685,1772308.220850371,1790240.8720533089
2024-05-09,1121614.3983190674,1243029.9763620377,884431.6439324951,1026639.6473480162,948152.5277247621,1047027.4563194917,1169557.8658474425,1135959.06428494,1332723.7357349542,1169557.8658474425,1246938.6198155363,1801618.5925258296,1821475.105527578
2024-05-10,1112377.5023693196,1243029.9763620377,877148.0328430581,1026639.6473480162,940344.1523542163,1038404.8105287044,1171652.8041280634,1136300.5724082245,1335169.23863507,1171652.8041280634,1246734.8585751,1814846.0196770176,1819306.624917992
2024-05-13,1132005.906262534,1243029.9763620377,892625.7064081118,1026639.6473480162,956936.9500166262,1056727.9328341275,1176146.7385711125,1139190.6109260623,1337971.138988208,1176146.7385711125,1250233.5548117033,1827272.3774423578,1831653.1444754698
2024-05-14,1138994.347277146,1243029.9763620377,898136.3332191991,1026639.6473480162,962844.6024351312,1063251.6451100523,1180566.116884224,1142042.044205876,1343728.0441115191,1180566.116884224,1253281.61993553,1850110.8146716007,1858225.899373987
2024-05-15,1152910.460254069,1243029.9763620377,909109.6683473641,1026639.6473480162,974608.5363815456,1076242.3417290675,1192820.4003984025,1150242.0290755613,1361484.674264763,1192820.4003984025,1274291.2909133872,1903563.0218283122,1924694.1373820335
2024-05-16,1153639.6888816806,1243029.9763620377,909684.6902754775,1026639.6473480162,975224.987068694,1076923.0769230768,1192516.8828733612,1151433.7556772905,1361179.7049162663,1192516.8828733612,1269119.4034451288,1877287.9890383966,1905887.0903101815
2024-05-17,1153821.9960385836,1243029.9763620377,909828.4457575058,1026639.6473480162,975379.099740481,1077093.2607215792,1191375.6026328555,1151060.5929643123,1360766.9992676936,1191375.6026328555,1271971.3850878938,1853200.6780259393,1912962.3645023764
2024-05-20,1160931.9751577973,1243029.9763620377,915434.9095566119,1026639.6473480162,981389.4939401774,1083730.4288631722,1199889.2540636254,1155556.2625707036,1369665.6218991177,1199889.2540636254,1286229.7602305366,1899302.282273147,1958671.730765691
2024-05-21,1168892.721009225,1243029.9763620377,921712.2322718505,1026639.6473480162,988119.0806082136,1091161.7880644428,1202034.307785349,1157218.96900115,1366823.226884457,1202034.307785349,1278137.4566117355,1911908.9732682768,1962693.2165126433
2024-05-22,1160081.2084255838,1243029.9763620377,914764.0506404797,1026639.6473480162,980670.3014718377,1082936.2378034946,1201322.0061668674,1157569.81926502,1366325.0235766848,1201322.0061668674,1273225.2441811666,1886391.1835791783,1948348.6706607982
2024-05-23,1135652.0494005925,1243029.9763620377,895500.8160486791,1026639.6473480162,960019.2034523678,1060131.6088041752,1192702.4851710987,1147278.5968889112,1353494.4793206698,1192702.4851710987,1261285.9394698553,1903875.4556633192,1919865.8796886455
2024-05-24,1154490.4556138942,1243029.9763620377,910355.5491916097,1026639.6473480162,975944.1795370337,1077717.2679827546,1201568.6390004384,1152240.048839237,1362491.924402189,1201568.6390004384,1281317.292747938,1965643.0110491824,1973598.268899807
2024-05-28,1154551.2246661952,1243029.9763620377,910403.4676856194,1026639.6473480162,975995.5504276294,1077773.995915589,1200188.9283210854,1148061.2840007923,1374408.760231412,1200188.9283210854,1281082.1639257956,2010525.7957307573,1993962.390578573
2024-05-29,1156374.2962352242,1243029.9763620377,911841.0225059028,1026639.6473480162,977536.6771455002,1079475.8339006125,1189266.5184678317,1138041.3600891049,1362286.3065958966,1189266.5184678317,1276588.226625629,1980344.6530811228,1992190.6645679162
2024-05-30,1162451.2014653217,1243029.9763620377,916632.8719068483,1026639.6473480162,982673.7662050698,1085148.6271840255,1185143.8507920553,1136575.58413199,1357217.085734,1185143.8507920553,1261694.1556876374,1950560.7222002973,1969469.1841728464
2024-05-31,1168285.0304862151,1243029.9763620377,921233.0473317559,1026639.6473480162,987605.3717022566,1090594.5087361017,1186910.6781662484,1143723.0752567078,1362419.9784280953,1186910.6781662484,1252670.142377784,1924202.8297699052,1945210.5153177688
2024-06-03,1179101.9217957885,1243029.9763620377,929762.5392654388,1026639.6473480162,996749.3902282906,1100692.0807805764,1186521.860496233,1142115.956390887,1360025.3961320538,1186521.860496233,1261379.3980598694,1954756.6135496816,1976293.2901695427
2024-06-04,1181046.5314694196,1243029.9763620377,931295.9310737413,1026639.6473480162,998393.2587273528,1102507.3746312684,1187993.766493623,1146971.5129149966,1362122.08245733,1187993.766493623,1254308.2990358176,1939027.1399028685,1980217.4825582542
2024-06-05,1190283.4274191675,1243029.9763620377,938579.5421631783,1026639.6473480162,1006201.6340978986,1111130.0204220559,1213207.3040056708,1165313.5704196687,1384276.5633099014,1213207.3040056708,1298094.4887610674,2023658.7334806686,2022250.2898898695
2024-06-06,1181836.529149332,1243029.9763620377,931918.8714958641,1026639.6473480162,999061.0803050968,1103244.837758112,1208867.7326812674,1162741.7399365737,1382736.9037084377,1208867.7326812674,1291717.4333850592,1991051.0261874706,2002246.028923277
2024-06-07,1196481.8707538669,1243029.9763620377,943467.2285521425,1026639.6473480162,1011441.4649386596,1116916.2695711367,1205629.0969950762,1160816.1954990306,1379697.3773184875,1205629.0969950762,1276382.1664034422,1968710.3847532617,1985977.9374356095
2024-06-10,1173571.9380364,1243029.9763620377,925401.9563105784,1026639.6473480162,992074.6391840823,1095529.8388926708,1216179.799591617,1167099.0869185082,1388425.6254052501,1216179.799591617,1290824.0005081934,2018549.8889989099,2007734.741741852
2024-06-11,1258830.9184146656,1243029.9763620377,992631.6034058426,1026639.6473480162,1064147.9986898438,1175119.1286589517,1219681.0757218935,1169472.944698918,1391207.353331542,1219681.0757218935,1298071.6522202557,2026621.426956564,2011240.674653356
2024-06-12,1294806.197376842,1243029.9763620377,1020999.3518594394,1026639.6473480162,1094559.565922496,1208702.064896755,1235137.136715723,1179591.2411094527,1403309.5511830389,1235137.136715723,1329040.0766747182,2080617.0734779988,2041802.8498629169
2024-06-13,1301916.176496056,1243029.9763620377,1026605.8156585456,1026639.6473480162,1100569.9601221923,1215339.2330383481,1233714.557902816,1177839.4616491476,1396056.310433539,1233714.557902816,1326982.4683288105,2093702.6661369076,2051861.2832092105
2024-06-14,1291281.5923433856,1243029.9763620377,1018220.0792068911,1026639.6473480162,1091580.0542679455,1205411.8447923758,1234080.9355711222,1178084.937197588,1398127.3654163452,1234080.9355711222,1334546.4046425028,2091785.527927545,2051266.6624480246
2024-06-17,1316683.0562051923,1243029.9763620377,1038250.0097028429,1026639.6473480162,1113053.0865369465,1229124.120717041,1249235.433298894,1191217.9391057917,1413402.3662688204,1249235.433298894,1362632.2814957942,2121377.4806614392,2090119.454206205
2024-06-18,1302220.0217575608,1243029.9763620377,1026845.4081285928,1026639.6473480162,1100826.8145751706,1215622.8727025187,1255121.5003358282,1194095.199680699,1414652.08549946,1255121.5003358282,1385827.9603636535,2192333.6398811145,2117312.952673939
2024-06-20,1274205.488646812,1243029.9763620377,1004754.9823902345,1026639.6473480162,1077144.834010555,1189471.295665986,1241667.3557773829,1185199.4643215346,1409621.7149592112,1241667.3557773829,1330946.1937322018,2109266.5013728556,2039279.0033635187
2024-06-21,1260897.066192899,1243029.9763620377,994260.8322021641,1026639.6473480162,1065894.6089700975,1177047.878375312,1243059.3503990585,1187974.079023817,1414606.7314411728,1243059.3503990585,1313405.2532306225,2085834.2286167925,2019980.455051627
2024-06-24,1264847.054592462,1243029.9763620377,997375.5343127785,1026639.6473480162,1069233.7168588177,1180735.1940095304,1238161.3724457445,1188802.2791677248,1413041.7106537782,1238161.3724457445,1266421.4655285312,2030666.4596724918,1964737.826331537
2024-06-25,1270498.5764564525,1243029.9763620377,1001831.9542556577,1026639.6473480162,1074011.2096842173,1186010.8917631041,1254777.858220261,1198504.1133448237,1424239.5142351317,1254777.858220261,1298192.81708331,2111754.23815097,2018424.0345237353
2024-06-26,1295900.0403182595,1243029.9763620377,1021861.8847516096,1026639.6473480162,1095484.2419532184,1209723.1676877695,1250933.9441347148,1194182.4142347756,1419514.9117683247,1250933.9441347148,1296832.7402128908,2084601.0185939975,2023104.8918453427
2024-06-27,1301065.4097638421,1243029.9763620377,1025934.9567424132,1026639.6473480162,1099850.7676538525,1214545.0419786703,1254416.9612885253,1196644.939411097,1425420.0531838452,1254416.9612885253,1301042.4635565982,2068247.200431214,2022427.443927526
2024-06-28,1279917.7795631036,1243029.9763620377,1009259.3208271232,1026639.6473480162,1081973.6977265503,1194803.721352394,1250335.6056504538,1192690.8808351138,1421839.0770961407,1250335.6056504538,1285133.435167659,2035661.792690918,2003510.7986716996
2024-07-01,1317169.2086236002,1243029.9763620377,1038633.3576549186,1026639.6473480162,1113464.053661712,1229577.9441797142,1251563.6162121654,1192006.2392055076,1418757.3133897,1251563.6162121654,1288961.2664995864,2052641.614374333,2008023.906338698
2024-07-02,1338559.915033543,1243029.9763620377,1055500.6675462464,1026639.6473480162,1131546.607151397,1249546.176537327,1261500.3644876198,1201368.3703805641,1429945.3930367415,1261500.3644876198,1305462.9732420824,2056635.9970731006,2015648.2073982172
2024-07-03,1346338.3537280676,1243029.9763620377,1061634.2347794566,1026639.6473480162,1138122.081147646,1256807.3519400952,1266133.690991714,1202749.1076540502,1433874.2778277611,1266133.690991714,1327574.049381821,2091571.6602080548,2053314.0087344244
2024-07-05,1375446.7297802337,1243029.9763620377,1084587.1934099852,1026639.6473480162,1162728.7377429844,1283980.0317676424,1279329.8080775759,1212820.1194913452,1446223.2142432395,1279329.8080775759,1366901.7019469775,2078729.7102656742,2101583.8515515635
2024-07-08,1384440.5495207778,1243029.9763620377,1091679.1305233843,1026639.6473480162,1170331.6295511476,1292375.765827093,1282461.6051993233,1214118.3178077217,1446625.4801822854,1282461.6051993233,1380601.9244439043,2083455.421249602,2122938.586263067
2024-07-09,1389666.6880186617,1243029.9763620377,1095800.1210081973,1026639.6473480162,1174749.5261423774,1297254.368050828,1278970.2743470313,1210325.0975238543,1442273.0565436806,1278970.2743470313,1381077.0012242044,2090750.34594546,2130958.834221321
2024-07-10,1415797.3805080801,1243029.9763620377,1116405.0734322625,1026639.6473480162,1196839.0090985266,1321647.379169503,1293360.0421382128,1223109.9275046836,1454375.8758299924,1293360.0421382128,1405813.2980494627,2127810.383367184,2168426.3472298966
2024-07-11,1382921.3232132534,1243029.9763620377,1090481.1681731478,1026639.6473480162,1169047.357286255,1290957.5675062402,1275038.3108702675,1210048.6133684104,1446288.4244455837,1275038.3108702675,1365080.073956193,2066617.1145297734,2104115.40661979
2024-07-12,1400969.7317466426,1243029.9763620377,1104712.9608939558,1026639.6473480162,1184304.5117931769,1307805.7635579759,1286484.0038264561,1219600.3819891845,1459781.3012792673,1286484.0038264561,1385186.7150453161,2082515.5933968923,2135452.5804337803
2024-07-15,1424426.5859348185,1243029.9763620377,1123209.4995816052,1026639.6473480162,1204133.6755631156,1329702.7456319493,1293068.1272818882,1225208.448240689,1466891.8737642271,1293068.1272818882,1393569.5571411748,2092806.9989127074,2149499.8366886172
2024-07-16,1426978.8861314591,1243029.9763620377,1125222.0763300022,1026639.6473480162,1206291.2529681348,1332085.3188109824,1299764.6019841325,1232953.9546143701,1479938.8870007012,1299764.6019841325,1392397.712410151,2074581.5987958543,2156419.629843966
2024-07-17,1390882.069064681,1243029.9763620377,1096758.4908883865,1026639.6473480162,1175776.9439542913,1298388.9267075108,1258616.6059282306,1203535.6268125589,1446858.6182068351,1258616.6059282306,1334052.9059030013,2006556.1329327035,2042365.2799361898
2024-07-18,1362320.6144832235,1243029.9763620377,1074236.798703943,1026639.6473480162,1151632.6253743141,1271726.798275471,1248737.6971847941,1194462.536295129,1435247.467035509,1248737.6971847941,1324530.0688345127,1989347.5479019305,2046786.0271837213
2024-07-19,1363110.6121631362,1243029.9763620377,1074859.739126066,1026639.6473480162,1152300.4469520582,1272464.2614023145,1237395.5466608854,1185619.4271646,1428532.5347530309,1237395.5466608854,1305916.3605941043,1980619.1309109316,2023807.8719440573
2024-07-22,1360983.6953326021,1243029.9763620377,1073182.5918357351,1026639.6473480162,1150502.4657812088,1270478.78375312,1253825.8433021472,1199460.4427999354,1444144.771333094,1253825.8433021472,1310408.8306931057,2019312.9519571213,2061171.8048055763
2024-07-23,1367364.4458242042,1243029.9763620377,1078214.0337067277,1026639.6473480162,1155896.4092937568,1276435.2167007034,1247616.066211908,1192443.6666337268,1434256.1759784145,1247616.066211908,1314933.436814115,2017009.9015921827,2059092.2805794757
2024-07-24,1328046.8689854743,1243029.9763620377,1047210.7680826108,1026639.6473480162,1122659.4430783417,1239732.2441570228,1212063.8992775816,1165325.5939669115,1400450.242541138,1212063.8992775816,1256543.927972317,1908004.9898430668,1943117.4721826825
2024-07-25,1321666.1184938722,1243029.9763620377,1042179.3262116183,1026639.6473480162,1117265.4995657937,1233775.8112094395,1205267.7702332532,1159527.4387567418,1391400.9139299432,1205267.7702332532,1266211.843265365,1879240.4565200685,1914685.709559978
2024-07-26,1324522.263952018,1245716.1876310164,1044431.4954300625,1026639.6473480162,1119679.9314237912,1236442.0240526434,1220130.9510476117,1173759.1362581972,1404974.1576356823,1220130.9510476117,1289125.050363145,1882428.8054334032,1967463.2310463358
2024-07-29,1326223.7974164453,1247316.4837061525,1045773.2132623272,1026639.6473480162,1121118.3163604708,1238030.4061719992,1221670.5327639023,1176485.0661290828,1406804.6189588,1221670.5327639023,1301772.3809008445,1894515.7235763706,1957131.4702507919
2024-07-30,1329626.8643452998,1250517.0758564249,1048456.6489268567,1026639.6473480162,1123995.0862338298,1241207.1704107104,1211619.6285142358,1171687.0045221122,1395143.5619034101,1211619.6285142358,1298883.7972594227,1860399.901129208,1902326.7668670607
2024-07-31,1349559.113500019,1269263.4013080203,1064173.9149619576,1042029.8577835805,1140844.7383492182,1259813.9323803042,1231691.4527414858,1183141.4000695245,1423136.1249076982,1231691.4527414858,1302764.772236154,1819895.0274428816,1937055.8632053246
2024-08-01,1326953.026044057,1269263.4013080203,1046348.2351904408,1024575.1069237331,1121734.7670476192,1238711.141366009,1209674.0930589556,1168232.5233777487,1392546.6878325494,1209674.0930589556,1302363.7730796053,1794183.8069726801,1869475.7991077
2024-08-02,1326953.026044057,1277982.4666220066,1053536.0092918589,1031613.312915607,1129440.4006369736,1247220.331291128,1178385.176617412,1144576.077133297,1357664.341362501,1178385.176617412,1274857.2985054324,1781564.4531331952,1829224.2364064457
2024-08-05,1326953.026044057,1277982.4666220066,1002790.3241358469,981923.5786129768,1075038.6274961315,1187145.4504197866,1146334.655527364,1114321.7077243906,1327127.8695052017,1146334.655527364,1243524.2085899303,1725051.9960715945,1772268.500264911
2024-08-06,1326953.026044057,1265524.4734461624,993014.9513579182,972351.6184640281,1075038.6274961315,1175572.9521216247,1155967.0111984855,1121911.0965787033,1342687.9591968888,1155967.0111984855,1239903.6298472139,1732657.7364901404,1775445.5346256373
2024-08-07,1326953.026044057,1281341.2392919646,1005425.8413063668,984504.2541433305,1075038.6274961315,1190265.4867256638,1149479.014378992,1118680.8891115033,1334296.6507974318,1149479.014378992,1233467.205282059,1739694.0298105404,1748787.090258968
2024-08-08,1326953.026044057,1302654.178597698,1022149.3957156664,1000879.8134177574,1075038.6274961315,1210063.5352847741,1172475.217757862,1135873.4668168828,1375290.5834659855,1172475.217757862,1248880.330658518,1761427.5730974767,1806552.5953643569
2024-08-09,1326953.026044057,1302654.178597698,1036189.5144604364,1014627.7757885512,1075038.6274961315,1226684.8196051735,1175657.2990426542,1138029.793709176,1378796.2519478824,1175657.2990426542,1250968.4407307298,1770794.5370496155,1811968.9303007408
2024-08-12,1326953.026044057,1302654.178597698,1042371.000187656,1020680.6329415628,1075038.6274961315,1234002.722940776,1166583.9364642233,1129859.941193333,1373523.482761556,1166583.9364642233,1241939.4901575549,1762973.0149235828,1803418.6322811584
2024-08-13,1326953.026044057,1302654.178597698,1060292.516947192,1038229.2265479686,1075038.6274961315,1255218.96982074,1183671.4743595596,1143661.6445376915,1403592.3569201725,1183671.4743595596,1259765.934594425,1794524.7247753628,1837841.6207983985
2024-08-14,1326953.026044057,1302654.178597698,1062448.8491776173,1040340.6883455308,1075038.6274961315,1257771.7267982755,1183369.0539740045,1145128.3652458813,1404445.3383029944,1183369.0539740045,1256317.5824723586,1790902.9064436073,1837002.3954550948
2024-08-15,1326953.026044057,1302654.178597698,1076824.3973804535,1054417.1003292785,1075038.6274961315,1274790.1066485136,1197049.0517349488,1156692.6635996422,1434514.1431726243,1197049.0517349488,1273311.0267156763,1835529.7165808813,1855861.3304675024
2024-08-16,1334806.5661145386,1302654.178597698,1083197.557083711,1060657.6429754072,1075038.6274961315,1282334.9217154528,1201468.137090516,1159515.1394212833,1438201.268083362,1201468.137090516,1281081.9328863944,1848100.0361415804,1872947.17360878
2024-08-19,1333861.7793391421,1302654.178597698,1082430.8611795595,1059906.9010029403,1075038.6274961315,1281427.2747901066,1212280.7203112838,1169078.0585903898,1454685.2362898057,1212280.7203112838,1288684.6204451371,1873270.9195260683,1889159.8184691544
2024-08-20,1337522.8280938028,1302654.178597698,1085401.8078081456,1062816.026146248,1075038.6274961315,1284944.4066258224,1211686.9241658696,1168647.4517737068,1450012.4511570677,1211686.9241658696,1287818.6016546558,1859413.0063764625,1880086.7978461713
2024-08-21,1336873.2871857178,1302654.178597698,1085401.8078081456,1062299.8910401776,1075038.6274961315,1284320.3993646472,1218259.8744864988,1174636.8155064997,1463213.524198815,1218259.8744864988,1291433.0163019379,1863670.5825582712,1887626.9513242203
2024-08-22,1325831.091748274,1302654.178597698,1085401.8078081456,1053525.5942369746,1075038.6274961315,1273712.2759246654,1212761.629656009,1170866.0947891525,1444656.8427541621,1212761.629656009,1280119.3186037084,1841100.0819642532,1851571.3028127477
2024-08-23,1339471.4508180576,1302654.178597698,1085401.8078081456,1064364.4314644607,1075038.6274961315,1286816.428409349,1220101.296683523,1177075.9513860825,1461652.030861997,1220101.296683523,1288998.0269216655,1861944.9809629614,1857864.869016938
2024-08-26,1341479.1227157747,1302654.178597698,1085401.8078081456,1064364.4314644607,1075038.6274961315,1288745.178125709,1211940.869249768,1173680.78941525,1448817.7816987452,1211940.869249768,1284393.5722795373,1830497.854195063,1827397.426582919
2024-08-27,1346498.3024600674,1302654.178597698,1085401.8078081456,1064364.4314644607,1075038.6274961315,1293567.0524166098,1216919.2692411817,1176827.5136024356,1452787.932535275,1216919.2692411817,1293647.7838830585,1859148.4241033662,1847695.2971516775
2024-08-28,1337404.7297468784,1302654.178597698,1085401.8078081456,1064364.4314644607,1075038.6274961315,1284830.9507601543,1209828.5808725373,1171697.602340251,1437727.6720642757,1209828.5808725373,1278997.9207977157,1832464.663321541,1827611.3221753514
2024-08-29,1356890.9569894262,1302654.178597698,1085401.8078081456,1064364.4314644607,1075038.6274961315,1303551.1685954165,1213600.2282487638,1173754.5257514461,1444881.657712849,1213600.2282487638,1290394.0500803485,1840417.3622135592,1841008.0593521502
2024-08-30,1352226.072285907,1302654.178597698,1081670.2815094886,1064364.4314644607,1075038.6274961315,1299069.6619015203,1217967.2257730132,1179776.8642820586,1459730.6833479796,1217967.2257730132,1288003.7976240437,1852260.8499780851,1830969.0137704597
2024-09-03,1315438.4372189152,1302654.178597698,1052243.1817112174,1064364.4314644607,1075038.6274961315,1263728.159745859,1202621.590914669,1170884.2834635694,1421870.9974438192,1202621.590914669,1244425.5727270162,1758091.3031570064,1799232.1965796938
2024-09-04,1304100.9959141598,1302654.178597698,1043174.155770177,1064364.4314644607,1075038.6274961315,1252836.3966417063,1204510.5379067983,1174150.6369896021,1419238.6241784485,1204510.5379067983,1242212.0889280103,1751187.4548014323,1794816.7392599538
2024-09-05,1313135.5194538867,1302654.178597698,1050401.0358169435,1064364.4314644607,1075038.6274961315,1261515.7703653278,1197772.6018575479,1167758.815007466,1412065.3046816292,1197772.6018575479,1239312.1879621933,1742869.1563806129,1790739.6349863033
2024-09-06,1303923.848393773,1302654.178597698,1043032.4522398483,1064364.4314644607,1075038.6274961315,1252666.212843204,1181649.5657087073,1154127.9056434303,1384949.0820798837,1181649.5657087073,1221348.4114104465,1708852.0103912624,1760087.8733252352
2024-09-09,1304455.2909549335,1302654.178597698,1043457.5628308345,1064364.4314644607,1075038.6274961315,1253176.764238711,1200547.9850610914,1170175.9934469652,1406242.5516682542,1200547.9850610914,1249961.5854285816,1745250.398450614,1808658.715396841
2024-09-10,1299731.3570779522,1297936.7672406833,1039678.8020220678,1064364.4314644607,1075038.6274961315,1248638.529611981,1205196.8726647624,1173658.0783238679,1411082.733811088,1205196.8726647624,1250500.2164793436,1750689.9578503151,1825997.4097430585
2024-09-11,1314788.89631083,1312973.5159411682,1051723.602100012,1064364.4314644607,1075038.6274961315,1263104.1524846833,1216795.7411244535,1178587.8843481457,1431522.2705260427,1216795.7411244535,1272152.434245062,1787742.3957263082,1837430.1910770503
2024-09-12,1315438.4372189152,1312973.5159411682,1052243.1817112174,1064364.4314644607,1075038.6274961315,1263728.159745859,1228503.9382856828,1188312.1712463654,1442228.6616515678,1228503.9382856828,1293459.3452799737,1825379.9401303986,1872879.8233949903
2024-09-13,1313844.1095354338,1312973.5159411682,1050967.8499382585,1064364.4314644607,1075038.6274961315,1262196.5055593373,1234507.2462209552,1193045.2026462534,1456268.6395820184,1234507.2462209552,1306657.0510806656,1858514.5640369116,1886907.7081969746
2024-09-16,1313844.1095354338,1312973.5159411682,1021776.9226905352,1064364.4314644607,1075038.6274961315,1227138.6430678465,1236245.1124365323,1195226.855924447,1457259.436005699,1236245.1124365323,1305675.8348729273,1849510.0066496907,1900782.7860577505
2024-09-17,1313844.1095354338,1315826.2228221425,1023996.9446656856,1064364.4314644607,1075038.6274961315,1229804.8559110507,1231068.1765899826,1188440.2087089962,1457010.5597393482,1231068.1765899826,1313800.5347616982,1846032.5301853484,1906253.0716919263
2024-09-18,1313844.1095354338,1339497.6203451203,1042418.4036084237,1083512.091793403,1075038.6274961315,1251928.7497163604,1227370.2562552702,1184469.358924156,1451528.158526497,1227370.2562552702,1310511.435407825,1846427.8234621857,1901302.049881347
2024-09-19,1313844.1095354338,1339497.6203451203,1081056.232878064,1123673.0819192359,1075038.6274961315,1298332.1987746768,1245223.1110364103,1197059.4445415994,1481959.0075583034,1245223.1110364103,1331452.2523771657,1864193.2678421657,1947620.3203766597
2024-09-20,1309997.9280639053,1339497.6203451203,1077891.5207007218,1120383.6120678533,1075038.6274961315,1294531.4272747901,1248098.5550436652,1197217.7021509812,1479612.3661640703,1248098.5550436652,1328307.5463993794,1860183.1138398135,1952271.8070808938
2024-09-23,1300066.743070257,1339497.6203451203,1069719.9504517636,1111889.9063321943,1075038.6274961315,1284717.494894486,1251725.6564777351,1200951.6823454497,1484501.443670206,1251725.6564777351,1332977.628848263,1873768.3602990166,1970280.347457095
2024-09-24,1300066.743070257,1339497.6203451203,1073971.0563616264,1116308.597177335,1075038.6274961315,1289823.0088495575,1252763.9760210933,1200699.6552254027,1489864.6916696317,1252763.9760210933,1333405.2011612733,1879140.9941642124,1975027.043375916
2024-09-25,1294348.8966390204,1339497.6203451203,1069247.6053506678,1111398.9406827344,1075038.6274961315,1284150.2155661448,1250396.6246909262,1196760.7934483,1486862.4483197045,1250396.6246909262,1342051.678183495,1889023.2901777592,1985610.4901096188
2024-09-26,1294348.8966390204,1339497.6203451203,1074679.57401327,1117045.045651525,1075038.6274961315,1290673.9278420697,1257658.882345443,1202701.2169330006,1503378.196191059,1257658.882345443,1344848.7286999011,1889134.3387885767,1987934.1715413257
2024-09-27,1295884.9119435763,1339497.6203451203,1075954.9057862288,1118370.6529050672,1075038.6274961315,1292205.5820285908,1253388.934238209,1200389.739420967,1501044.6120273215,1253388.934238209,1349593.4320656664,1883987.611589626,1989924.3591666361
2024-09-30,1295884.9119435763,1339497.6203451203,1100564.0855533225,1143949.9632419362,1075038.6274961315,1321760.8350351714,1256124.9531540552,1203648.981033807,1501152.3830727693,1256124.9531540552,1342341.7227262917,1896295.7908159415,1990693.9568713068
2024-10-01,1258120.712149169,1339497.6203451203,1068491.8531889145,1110613.3956435984,1043710.2486090125,1283242.5686407986,1244139.8120269564,1195000.9716952904,1486507.208752608,1244139.8120269564,1325991.2505259062,1878528.838294132,1974629.5439641662
2024-10-02,1261290.9027062843,1339497.6203451203,1071184.2202651608,1113411.8998455205,1046340.1714316424,1286476.060812344,1244549.810004745,1194451.776430916,1490697.2723805388,1244549.810004745,1327597.239364046,1883557.8112682065,1990806.346284423
2024-10-03,1255117.3737266387,1339497.6203451203,1065941.1896429968,1107962.1811365138,1041218.7427770471,1280179.2602677557,1242309.2341732928,1189575.3413433232,1487117.6726935317,1242309.2341732928,1334391.579139444,1883564.304808043,2000200.836392354
2024-10-04,1261402.1374626744,1339497.6203451203,1071278.68928538,1113510.0929754127,1046432.449425419,1286589.5166780124,1256673.918553909,1197587.7810084005,1503743.7936246921,1256673.918553909,1366169.3330745492,1915541.4241331583,2047703.2468076288
2024-10-07,1232981.6572050275,1339497.6203451203,1047141.8546193822,1088421.7482880035,1022855.4220155252,1257601.542999773,1244687.7415395668,1184853.1378819142,1489593.9865085562,1244687.7415395668,1359474.9503983702,1891173.2441427168,2040109.8666164703
2024-10-08,1255673.547508589,1339497.6203451203,1066413.5347440927,1108453.146785974,1041680.1327459296,1280746.539596097,1260315.5264949373,1198009.1009627709,1506978.0396232626,1260315.5264949373,1386731.9823977016,1928166.8999347063,2078445.0954181587
2024-10-09,1276641.299088105,1339497.6203451203,1084220.945055406,1126962.5517706182,1059074.5345727983,1302132.9702745632,1271009.4458750274,1207895.5890040046,1519737.708755949,1271009.4458750274,1380384.0083506403,1947921.0840763743,2087259.0008497906
2024-10-10,1273860.430178355,1339497.6203451203,1081859.219549927,1124507.7235233178,1056767.584728386,1299296.5736328568,1268987.76261564,1204670.8017846155,1517772.0512085164,1268987.76261564,1372350.5382230612,1962524.556699886,2080796.995633712
2024-10-11,1265573.4408272996,1339497.6203451203,1074821.2775435988,1117192.335346363,1049892.8741920374,1290844.1116405718,1282446.1757554132,1216049.2231738693,1533285.333395912,1282446.1757554132,1406539.7205829576,1955130.2422005318,2109344.501650159
2024-10-14,1286429.9576504258,1339497.6203451203,1092534.218834693,1135603.5472011154,1067194.9980251295,1312117.0864533698,1290933.8701146801,1224195.303631453,1543598.928871187,1290933.8701146801,1388953.1240490929,1956474.4213055167,2102486.639550331
2024-10-15,1300612.3890901515,1339497.6203451203,1104579.0189126371,1148123.1712623467,1078960.4422316323,1326582.7093260721,1274173.1526399718,1216795.1712962792,1522481.1809815962,1274173.1526399718,1347918.953787646,1950268.3943620773,2073881.553513386
2024-10-16,1289099.5918037859,1339497.6203451203,1094801.4753199532,1137960.1823185235,1069409.6698757655,1314840.0272294078,1278326.0201528189,1220439.6538313555,1525639.195340957,1278326.0201528189,1366234.7382955598,1967395.017808303,2090143.0041875986
2024-10-17,1291157.434797001,1339497.6203451203,1096549.1521940078,1139776.7552215257,1071116.8127606306,1316938.9607442706,1275258.2741105938,1217679.7409256438,1522815.869309849,1275258.2741105938,1360832.5794364235,1949484.0395809491,2074445.538767905
2024-10-18,1307008.387582577,1339497.6203451203,1110010.9875752393,1153769.2762311373,1084266.4268737806,1333106.4216019968,1285322.9882968052,1226853.823572933,1533736.8594700852,1285322.9882968052,1382067.1415467015,1957634.2182512747,2095094.9154316834
2024-10-21,1315239.7595554374,1339497.6203451203,1117001.695071458,1161035.5678431462,1091094.998413241,1341502.1556614477,1282657.7074856132,1222219.8386234606,1527444.1672668783,1282657.7074856132,1400640.26833943,1973673.4448271538,2124044.693438587
2024-10-22,1311791.4821073473,1339497.6203451203,1114073.1554446637,1157991.580816494,1088234.3806061698,1337985.0238257318,1281009.5600865353,1220977.7507065749,1527801.127574192,1281009.5600865353,1399074.6380712679,1993613.11630293,2118325.340979449
2024-10-23,1283426.6192278955,1339497.6203451203,1089983.5552887754,1132952.3326940308,1064703.4921931643,1309053.7780803267,1262734.2373783349,1207628.370689657,1509576.5900709885,1262734.2373783349,1372640.9171073644,1970884.9069961386,2091731.1219027939
2024-10-24,1282369.8890421905,1339497.6203451203,1089086.0995966934,1132019.4979600569,1063826.8512522876,1307975.9473564783,1272180.4282633357,1210920.9034974033,1518094.4653111561,1272180.4282633357,1393977.9341387958,2000508.6817085024,2122151.465079495
2024-10-25,1287041.7488105707,1339497.6203451203,1093053.7984458983,1136143.6094155214,1067702.5269909003,1312741.093714545,1277627.7510708144,1213328.276381179,1523148.4440854078,1277627.7510708144,1402633.1612436012,2009288.0304622094,2120145.0486368295
2024-10-28,1298109.6070713764,1339497.6203451203,1102453.4659577059,1145913.8258397765,1076884.1873716612,1324029.9523485363,1282161.2298020672,1215518.7993416921,1525733.5018976806,1282161.2298020672,1417811.9284502955,2028943.5353638967,2149376.717550704
2024-10-29,1299611.2762826416,1339497.6203451203,1103728.7977306645,1147239.4330933185,1078129.9402876438,1325561.6065350578,1291350.5306132261,1221223.3232593327,1535278.612530996,1291350.5306132261,1420386.3623703697,2012577.4086750273,2157239.5373105984
2024-10-30,1279755.8722670253,1339497.6203451203,1086866.0776215428,1129711.9594075945,1061658.3183985401,1305309.7345132742,1280674.0909573638,1215917.390592253,1525145.8035480017,1280674.0909573638,1391584.4318861982,1990885.480243427,2121645.608808614
2024-10-31,1256452.190803319,1339497.6203451203,1067074.8178856268,1109140.498695218,1042326.078702365,1281540.730655775,1259966.0244775547,1202357.3456901726,1500279.792777154,1259966.0244775547,1364592.2884201626,1971722.7555836644,2067564.0893779509
2024-11-01,1239766.977344818,1321709.594755127,1052904.4648527515,1094411.5292114164,1028484.3796358912,1264522.3508055366,1266974.5436821557,1207451.6897597574,1510416.4045709458,1266974.5436821557,1380168.6132610566,1954594.5631131975,2104047.520689199
2024-11-04,1239766.977344818,1316373.187078129,1048653.358942889,1089992.8383662757,1024331.8699159491,1259416.836850465,1263839.2644210064,1207494.3055855006,1507240.026657362,1263839.2644210064,1372243.4257254002,1953360.7344434573,2052769.8050591818
2024-11-05,1247808.346865905,1324911.4393613257,1055455.128398669,1097062.7437185005,1024331.8699159491,1267585.6591785795,1281790.0759066688,1221553.6112451984,1526864.279228211,1281790.0759066688,1400411.5365324216,2006694.3872842016,2143282.900444118
2024-11-06,1247808.346865905,1320583.0198010942,1052007.0091606693,1093478.6944774422,1024331.8699159491,1263444.5200816882,1327324.5756729504,1261877.2529502492,1569354.7562840874,1327324.5756729504,1471440.344710646,2090219.5910671507,2273094.6622538245
2024-11-07,1247808.346865905,1348806.68707055,1074490.6359728316,1116848.659391741,1024331.8699159491,1290447.016110733,1350119.19620802,1277750.0258477167,1595028.2595104182,1350119.19620802,1547184.4661087804,2197329.000612365,2420961.2257191613
2024-11-08,1247808.346865905,1348806.68707055,1072034.4414471334,1114295.6380145487,1024331.8699159491,1287497.1636033582,1362375.3552219626,1288601.6068784501,1605152.7671015067,1362375.3552219626,1627272.4586365316,2365058.3835553546,2491660.8901902274
2024-11-11,1247808.346865905,1348806.68707055,1059139.4201872167,1100892.275784289,1024331.8699159491,1272010.4379396413,1375133.1643055691,1298279.8331390696,1611565.495588274,1375133.1643055691,1694906.4996990142,2457958.8356010495,2605102.6143615767
2024-11-12,1247808.346865905,1348806.68707055,1059139.4201872167,1100892.275784289,1024331.8699159491,1272010.4379396413,1374362.9109930943,1299847.1810395087,1607522.615403419,1374362.9109930943,1691215.306335675,2450665.2419696646,2587425.5720181316
2024-11-13,1247808.346865905,1354160.2880672622,1063343.2915869697,1105261.8700644837,1024331.8699159491,1277059.2239618788,1375129.984308761,1301646.7590288455,1605158.034568308,1375129.984308761,1685250.077545766,2453944.545490398,2586483.5314904037
2024-11-14,1247808.346865905,1354160.2880672622,1077985.989720941,1120481.8051977453,1024331.8699159491,1294644.8831404585,1363455.2070595494,1290034.106705333,1593639.8085880897,1363455.2070595494,1655094.881459404,2406066.3347016964,2543692.3061446627
2024-11-15,1247808.346865905,1354160.2880672622,1062776.4774656547,1104672.7112851315,1024331.8699159491,1276378.4887678693,1338272.5802059057,1264926.4045741372,1560182.8596442153,1338272.5802059057,1658525.6099076106,2418610.874788477,2559410.0773564684
2024-11-18,1247808.346865905,1354160.2880672622,1077041.2995187494,1119499.8738988254,1024331.8699159491,1293510.3244837758,1347286.3094453244,1271805.1466516887,1571580.8335636815,1347286.3094453244,1672798.0408634753,2414176.5432084897,2597900.479662293
2024-11-19,1247808.346865905,1354160.2880672622,1078269.3967815985,1120776.3845874215,1024331.8699159491,1294985.2507374631,1354918.9392532143,1274757.8995375514,1578378.4204513184,1354918.9392532143,1729791.5525253962,2450298.613165142,2683851.5983102834
2024-11-20,1247808.346865905,1354160.2880672622,1078269.3967815985,1124311.3372635338,1024331.8699159491,1299069.6619015203,1361272.0952201183,1279440.3593335734,1584541.5890994223,1361272.0952201183,1747525.9660328238,2459878.2230468444,2696833.6884075766
2024-11-21,1247808.346865905,1354160.2880672622,1078269.3967815985,1121954.7021461257,1024331.8699159491,1296346.721125482,1374121.3611283852,1293918.3509168602,1599403.765187662,1374121.3611283852,1742269.4694043612,2457513.8729093126,2685404.5946972673
2024-11-22,1247808.346865905,1354160.2880672622,1078269.3967815985,1128582.7384138363,1024331.8699159491,1304004.9920580895,1386441.9522422068,1303524.8144596627,1610779.0954752474,1386441.9522422068,1780523.6504565363,2503940.914383958,2764783.555876409
2024-11-25,1247808.346865905,1354160.2880672622,1078269.3967815985,1143311.7078976382,1024331.8699159491,1321023.3719083278,1389919.7250359748,1308126.0091886094,1622697.0311754334,1389919.7250359748,1759387.2350376584,2505437.6549757007,2734498.804842017
2024-11-26,1247808.346865905,1354160.2880672622,1078269.3967815985,1154063.8556208136,1024331.8699159491,1333446.7891990016,1392983.8228610612,1314160.1160864078,1623313.0273274826,1392983.8228610612,1746355.2826981037,2515133.301669553,2711892.1543000047
2024-11-27,1247118.2461040034,1354160.2880672622,1078269.3967815985,1154063.8556208136,1023765.362883323,1332709.3260721578,1384798.3114488192,1305213.0189260666,1613594.8905067672,1384798.3114488192,1765643.5213350605,2518575.7473872877,2718702.5187657815
2024-11-29,1259858.5678621852,1354160.2880672622,1078269.3967815985,1154063.8556208136,1034223.9542548804,1346324.0299523487,1394053.6369966248,1312126.1428813243,1623693.0585877541,1394053.6369966248,1792099.930836537,2552013.4508505138,2761600.94915348
2024-12-02,1271855.7041844728,1354160.2880672622,1078269.3967815985,1154063.8556208136,1044072.4611297636,1359144.5427728614,1395097.6806653456,1312411.577364274,1630812.0514755493,1395097.6806653456,1792919.9333061725,2530127.1284840284,2746289.1086539733
2024-12-03,1288099.6144261544,1354160.2880672622,1078269.3967815985,1154063.8556208136,1057407.1651284993,1376503.2902201044,1395014.1511786776,1310346.4186629597,1628799.5893203912,1395014.1511786776,1821686.2832499621,2561512.317363422,2785859.8228498306
2024-12-04,1290010.6626898816,1354160.2880672622,1079869.1370776684,1154063.8556208136,1058975.9538342329,1378545.4958021329,1417912.5788881993,1326972.7680640644,1646174.9585683174,1417912.5788881993,1872325.828609569,2607598.8145560883,2880948.9458807753
2024-12-05,1290169.9167118587,1354160.2880672622,1080002.4487690076,1154063.8556208136,1059106.6862263773,1378715.6796006353,1406161.3530394845,1317767.8363831372,1631757.4513073417,1406161.3530394845,1862256.0078867257,2598632.4952192125,2865454.506316147
2024-12-06,1289108.2232320104,1354160.2880672622,1079113.7041600798,1154063.8556208136,1058235.1369454144,1377581.1209439528,1415351.9301844495,1323507.2130201287,1640337.378990616,1415351.9301844495,1912494.4581748366,2666182.4698797204,2942756.4417958804
2024-12-09,1309864.330763048,1354160.2880672622,1096488.6612646175,1154063.8556208136,1075273.925388243,1399761.7426820968,1390150.3320367606,1304270.776034787,1623760.857242262,1390150.3320367606,1818232.9551321585,2542593.21903776,2790778.909222435
2024-12-10,1315278.9675102753,1354160.2880672622,1101021.258770149,1154063.8556208136,1079718.826721155,1405547.9918311778,1388753.8797280444,1305696.993176517,1615124.7890351587,1388753.8797280444,1803272.1252222676,2529417.874053561,2753707.9545565066
2024-12-11,1308484.129239245,1354160.2880672622,1095333.2932730115,1154063.8556208136,1074140.911322991,1398286.8164284094,1408212.8081224442,1318676.7720704873,1634665.6553482255,1408212.8081224442,1865781.019193236,2627688.4951258833,2854907.5452158586
2024-12-12,1316287.5763161313,1354160.2880672622,1101865.5661486303,1154063.8556208136,1080546.7985380702,1406625.822555026,1402811.0197023891,1314036.533833351,1627283.2398686705,1402811.0197023891,1873260.4115753102,2598127.2488368247,2820482.5904600937
2024-12-13,1317190.0157740023,1354160.2880672622,1102620.999066219,1154063.8556208136,1081287.6154268887,1407590.197413206,1395033.357609031,1304461.1709399335,1623358.292839908,1395033.357609031,1909326.1417016732,2672568.185492325,2869986.0085299658
2024-12-16,1332637.6559057976,1354160.2880672622,1115552.2331261178,1154063.8556208136,1093968.657464902,1424098.0258679371,1403559.0964826574,1309208.465796037,1629017.299658923,1403559.0964826574,1955044.264669311,2721250.254532322,2938706.7840892603
2024-12-17,1345590.3163599488,1354160.2880672622,1126394.9173550364,1154063.8556208136,1104601.5586926518,1437939.6414794645,1392631.1270709394,1301476.9955565159,1619825.4814973588,1392631.1270709394,1909118.2678826374,2636340.7396052834,2869820.107127009
2024-12-18,1316765.338382063,1354160.2880672622,1102265.501222648,1154063.8556208136,1080938.9957145033,1407136.3739505333,1339791.7340346356,1258694.0067082169,1563503.0102332449,1339791.7340346356,1779355.9316493196,2459493.5545862345,2674677.8332041292
2024-12-19,1326002.0716567447,1354160.2880672622,1109997.5793203192,1154063.8556208136,1088521.4744588826,1417007.0342636714,1333344.1136326808,1252985.1775854,1548866.1947588,1333344.1136326808,1769340.6524343798,2467121.6217899737,2664257.59160605
2024-12-20,1350951.8684331838,1354160.2880672622,1130883.0776301215,1154063.8556208136,1109002.8825615156,1443669.1626957115,1350778.1773245593,1264880.6989336975,1567228.4635256105,1350778.1773245593,1833104.7722952666,2554275.169448429,2761668.25927418
2024-12-23,1355092.4730045928,1354160.2880672622,1134349.1816049397,1154063.8556208136,1112401.924757272,1448093.9414567733,1351591.6063977606,1265842.2123292987,1573487.687750987,1351591.6063977606,1831905.3963044723,2528569.490541107,2732870.3644728656
2024-12-24,1370646.2824843726,1354160.2880672622,1147369.2901257314,1154063.8556208136,1125170.1217233813,1464715.2257771725,1369216.6975648738,1280821.2728336155,1590544.3623522269,1369216.6975648738,1880057.6704364112,2594734.8839375963,2805361.1085519544
2024-12-26,1374999.2257517513,1354160.2880672622,1151013.1430223351,1154063.8556208136,1128743.47377533,1469366.916269571,1367449.9413938457,1280088.8204998276,1588308.8954132153,1367449.9413938457,1881277.815910553,2570647.6601190474,2786456.5861955816
2024-12-27,1356791.1825723504,1354160.2880672622,1135771.1729792242,1154063.8556208136,1113796.403606813,1449909.2353074653,1350889.9880013538,1267267.2873090985,1573426.2241386853,1350889.9880013538,1843503.7955557231,2503181.195693251,2712373.175059171
2024-12-30,1338795.4780889186,1354160.2880672622,1120706.9518578986,1154063.8556208136,1099023.643294488,1430678.466076696,1332797.9927899311,1252389.6665562994,1553212.1421291884,1332797.9927899311,1813535.0088684014,2445634.215842566,2650732.434350691
2024-12-31,1329346.4061182672,1354160.2880672622,1112797.1248384416,1154063.8556208136,1091266.8546939162,1420580.8940322213,1323110.6777994726,1246142.4295258538,1546569.5541732078,1323110.6777994726,1784944.7958038396,2393345.4267494264,2601152.2235096777
2025-01-02,1294469.775305245,1354160.2880672622,1083601.864435165,1154063.8556208136,1062636.460814278,1383310.6421601998,1323745.5730279265,1244102.2911283793,1549642.1083250951,1323745.5730279265,1786140.662055779,2404640.2018306693,2620092.814057829
2025-01-03,1291868.6262796165,1351439.1950135287,1081424.440143292,1154063.8556208136,1060501.1650759182,1380530.9734513275,1345890.7950251948,1258050.4557470349,1575986.9262295875,1345890.7950251948,1831356.7049817247,2510398.2352233464,2723230.9045945625
2025-01-06,1300574.512814374,1360546.5268668414,1088712.1459364996,1154063.8556208136,1067647.869179816,1389834.3544361242,1357057.7919093776,1265096.6338940966,1584821.1467259892,1357057.7919093776,1836060.9887110803,2529749.2995590437,2761603.205016986
2025-01-07,1285763.8887704879,1345052.9562139497,1076314.1586419574,1154063.8556208136,1055489.7567103803,1374007.261175403,1326729.153940395,1244797.5534126472,1567968.2343789288,1326729.153940395,1787518.3299254174,2408566.0178682357,2628713.749355726
2025-01-08,1285763.8887704879,1347774.0492676832,1078491.5829338303,1154063.8556208136,1057625.0524487398,1376786.929884275,1328543.3812942342,1248972.4521068428,1570460.9498188088,1328543.3812942342,1778396.0363055365,2407959.754833869,2614114.0128212776
2025-01-10,1285763.8887704879,1315287.530156781,1052495.8031226937,1154063.8556208136,1032132.2359805688,1343601.0891763105,1306677.250308977,1231036.2510699392,1545830.5335453786,1306677.250308977,1752061.8877614865,2357376.363925549,2559952.9301905795
2025-01-13,1285763.8887704879,1301682.0648881127,1041608.6816633287,1154063.8556208136,1032132.2359805688,1329702.7456319493,1300873.9867783992,1225885.6045615224,1547959.744120597,1300873.9867783992,1738025.312591606,2316267.502381979,2549735.249673431
2025-01-14,1285763.8887704879,1295462.4236224357,1036631.7118533332,1148549.5573345707,1032132.2359805688,1323349.2171545269,1304944.1103644161,1226836.5273268225,1554721.289014819,1304944.1103644161,1738420.538417685,2343597.4510323587,2576219.7300751726
2025-01-15,1285763.8887704879,1320951.8463094512,1057028.4006282252,1171148.3333469408,1032132.2359805688,1349387.3383253913,1330646.312275845,1247466.2840027981,1582141.4989084604,1330646.312275845,1783629.245340054,2415872.725415158,2650560.0910924277
2025-01-16,1285763.8887704879,1267585.1029494905,1014324.2221692465,1123833.6846587325,1032132.2359805688,1294871.7948717948,1332402.045903849,1247593.0989101932,1587207.9256556947,1332402.045903849,1789046.8500095159,2443219.9055581065,2650072.3133401587
2025-01-17,1285763.8887704879,1277136.6948932088,1021967.4258060252,1132302.0713126054,1032132.2359805688,1304628.999319265,1351572.2650560401,1262470.9199762938,1607023.0619516287,1351572.2650560401,1823013.8010360058,2527552.228610583,2725369.9564989232
2025-01-21,1285763.8887704879,1236375.8315985042,989350.4986583765,1096163.723615264,1032132.2359805688,1262990.6966190152,1365091.627461294,1274875.9297756685,1624637.554099383,1365091.627461294,1836290.6927569474,2542375.118003572,2741261.856778038
2025-01-22,1285763.8887704879,1242984.2004432862,994638.5290814968,1102022.6655443972,1032132.2359805688,1269741.3206262763,1387801.803418956,1293577.2168313966,1638967.3888002334,1387801.803418956,1880691.6509543005,2577858.520673791,2763135.3236933122
2025-01-23,1285763.8887704879,1242040.1477511744,993883.0961639081,1101185.6738402352,1032132.2359805688,1268776.9457680963,1387964.0534996209,1294357.9802787239,1640745.2268793995,1387964.0534996209,1866680.7055632896,2611462.3069923157,2780986.7721684664
2025-01-24,1285763.8887704879,1237153.2867567139,989972.619884626,1096853.0109010446,1032132.2359805688,1263784.887678693,1379434.005231712,1287696.0801365878,1632541.0410864425,1379434.005231712,1854014.507504022,2588140.3803631454,2764649.7481090147
2025-01-27,1285763.8887704879,1276470.3047576007,1021434.1790406686,1131711.2536390794,1032132.2359805688,1303948.2641252554,1325633.8578625165,1258386.627757857,1612224.0212924331,1325633.8578625165,1669999.105307428,2417366.633924066,2631635.1538234362
2025-01-28,1285763.8887704879,1276470.3047576007,1021434.1790406686,1173068.4907859003,1032132.2359805688,1351599.7277059224,1337719.1858768344,1262820.9815885336,1618419.4640718852,1337719.1858768344,1685493.1033273372,2542624.563826276,2696080.039075237
2025-01-29,1285763.8887704879,1276470.3047576007,1021434.1790406686,1178484.3194598889,1032132.2359805688,1357839.8003176765,1341238.602371201,1265601.5984856158,1619751.4553880983,1341238.602371201,1681348.519156628,2519085.1702688104,2691428.733511385
2025-01-30,1285763.8887704879,1276470.3047576007,1021434.1790406686,1169769.75877538,1032132.2359805688,1347798.956206036,1368444.5614707118,1287702.443098954,1638197.4344739893,1368444.5614707118,1713216.290396328,2552051.577612369,2713275.170546575
2025-01-31,1285763.8887704879,1276470.3047576007,1021434.1790406686,1161941.4246011605,1032132.2359805688,1338779.2148854097,1369937.483097835,1286983.7044669772,1635342.1793167347,1369937.483097835,1695053.2319413135,2610610.2415028173,2756235.615467058
2025-02-03,1285763.8887704879,1276470.3047576007,1021434.1790406686,1122602.8145055533,1032132.2359805688,1293453.5965509417,1369331.5146988074,1290416.220647832,1631211.9691669184,1369331.5146988074,1703671.5844147922,2606950.124020781,2751115.9590950673
2025-02-04,1285763.8887704879,1276470.3047576007,1021434.1790406686,1146186.2866404667,1032132.2359805688,1320626.2763784889,1389556.1929641105,1302756.2178843191,1643339.6587703624,1389556.1929641105,1755541.7645018501,2716877.07380707,2851169.2395385113
2025-02-05,1285763.8887704879,1276470.3047576007,1021434.1790406686,1144561.53803827,1032132.2359805688,1318754.2545949626,1401920.5488650252,1314282.5021798802,1659335.680756758,1401920.5488650252,1773985.3198422785,2726846.7106908755,2853095.668809764
2025-02-06,1285763.8887704879,1276470.3047576007,1021434.1790406686,1148254.1484978078,1032132.2359805688,1323008.849557522,1402994.220260775,1311622.222299306,1663554.8374324064,1402994.220260775,1778372.4845907118,2747588.996081827,2867327.2456484656
2025-02-07,1285763.8887704879,1276470.3047576007,1021434.1790406686,1120731.8918727208,1032132.2359805688,1291297.9351032448,1389092.010184449,1298915.2970049195,1652001.0846897063,1389092.010184449,1758016.7755856214,2706955.661090132,2833114.2389915967
2025-02-10,1285763.8887704879,1276470.3047576007,1021434.1790406686,1120830.3614849753,1032132.2359805688,1291411.3909689132,1404953.4750819977,1311271.3801703367,1669312.2816969408,1404953.4750819977,1780296.8839002305,2759916.343013155,2902620.667804131
2025-02-11,1285763.8887704879,1276470.3047576007,1021434.1790406686,1145300.0601301778,1032132.2359805688,1319605.1735874745,1397164.538109421,1306627.9149757514,1665190.1109765808,1397164.538109421,1762832.0658827233,2722860.9006270715,2871122.26665926
2025-02-12,1285763.8887704879,1276470.3047576007,1021434.1790406686,1166224.852734224,1032132.2359805688,1343714.5450419788,1393711.067656742,1304842.933508199,1663976.6848714028,1393711.067656742,1774080.3652743967,2726701.11275107,2910265.4815740692
2025-02-13,1311059.0283899857,1276470.3047576007,1021434.1790406686,1189168.272389484,1032132.2359805688,1370149.7617426822,1417365.1761355281,1324387.549497562,1689001.591311528,1417365.1761355281,1804064.3886759053,2832041.0979719977,2993874.9435467646
2025-02-14,1327723.4229461784,1276470.3047576007,1021434.1790406686,1204283.3578705247,1032132.2359805688,1387565.2371227592,1416449.9946572431,1322501.338574247,1693138.6581399431,1416449.9946572431,1817015.894341594,2874072.133399468,3017744.0019946233
2025-02-18,1327017.7645447762,1276470.3047576007,1021434.1790406686,1203643.3053908716,1032132.2359805688,1386827.7739959157,1428481.9853615586,1330522.7748348764,1709843.4482785198,1428481.9853615586,1827881.2179434046,2901673.9623053274,3014620.1493494157
2025-02-19,1329189.0211644757,1276470.3047576007,1021434.1790406686,1205612.6976359582,1032132.2359805688,1389096.8913092806,1421854.9607177228,1328317.6886407246,1709492.5999798363,1421854.9607177228,1774235.8810702185,2766855.3332090992,2950036.3191436282
2025-02-20,1334400.0370517543,1276470.3047576007,1021434.1790406686,1210339.2390241665,1032132.2359805688,1394542.772861357,1409111.3464787204,1319899.9721247763,1699362.4385646665,1409111.3464787204,1729987.8263442246,2665035.543883521,2880273.1182569214
2025-02-21,1332880.1574179647,1276470.3047576007,1021434.1790406686,1208960.6644526056,1032132.2359805688,1392954.3907420014,1379312.259860723,1297942.1906099713,1666403.1807827512,1379312.259860723,1691929.3464779425,2511924.319877555,2750636.1612405227
2025-02-24,1341293.7768192997,1276470.3047576007,1021434.1790406686,1216592.0594023166,1032132.2359805688,1401747.220331291,1361405.7057120074,1287906.00808473,1648582.7531257966,1361405.7057120074,1653082.800601917,2459197.193239015,2665334.9276942345
2025-02-25,1340968.0883263447,1276470.3047576007,1021434.1790406686,1216592.0594023166,1032132.2359805688,1401406.8527342863,1353306.1255280392,1287180.7516899256,1632465.042359295,1353306.1255280392,1623043.8693399646,2380403.044252032,2601030.898292755
2025-02-26,1304708.102777365,1276470.3047576007,1021434.1790406686,1216592.0594023166,1032132.2359805688,1363512.5936010892,1357484.0529298892,1286148.8831847121,1636910.245793053,1357484.0529298892,1618282.4716788204,2367598.17125332,2595903.207816937
2025-02-27,1288097.9896366647,1276470.3047576007,1021434.1790406686,1216592.0594023166,1032132.2359805688,1346153.8461538462,1329455.6606480456,1266970.0175036322,1603185.0855387198,1329455.6606480456,1592945.010676057,2320311.616223243,2503913.341014451
2025-02-28,1288097.9896366647,1276470.3047576007,1021434.1790406686,1216592.0594023166,1032132.2359805688,1371908.3276605401,1343970.3560134883,1280583.5192867944,1624320.697558384,1343970.3560134883,1608115.6172533939,2362554.4770382415,2516443.3634668766
2025-03-03,1267805.0135346318,1276470.3047576007,1021434.1790406686,1216592.0594023166,1032132.2359805688,1350294.9852507375,1329037.21493393,1271398.0816644593,1600294.9197906007,1329037.21493393,1581803.212943648,2316041.013070741,2472902.203252134
2025-03-04,1256619.9085965033,1276470.3047576007,1021434.1790406686,1216592.0594023166,1032132.2359805688,1338382.1193555708,1319000.6997320922,1260081.6701846768,1591696.2906441418,1319000.6997320922,1564864.1166490489,2306425.6294479477,2455057.661695338
2025-03-05,1255607.922911625,1276470.3047576007,1021434.1790406686,1216592.0594023166,1032132.2359805688,1337304.2886317223,1331019.4542208752,1268739.7983893359,1609229.4291381843,1331019.4542208752,1586099.178167625,2333613.705041196,2486699.846858064
2025-03-06,1253424.1643284666,1276470.3047576007,1021434.1790406686,1216592.0594023166,1032132.2359805688,1334978.4433855233,1295120.1421300543,1242915.2448673588,1567908.3209780168,1295120.1421300543,1549012.3253079732,2216654.0681930785,2401320.8724061544
2025-03-07,1273344.3035992286,1276470.3047576007,1037667.3997503618,1216592.0594023166,1032132.2359805688,1356194.6902654867,1303346.581999832,1249231.495661817,1580372.228607778,1303346.581999832,1551785.5999121838,2213702.7991278577,2420890.9020654513
2025-03-10,1211613.1768216528,1276470.3047576007,987361.7772836922,1216592.0594023166,1032132.2359805688,1290447.016110733,1265925.641267817,1221941.2808228757,1529261.9212979283,1265925.641267817,1553416.042092395,2107101.138710555,2377734.371106717
2025-03-11,1211613.1768216528,1239210.928884599,958541.2998739695,1181080.4923439757,1032132.2359805688,1252779.6687088723,1257891.2319706923,1209367.6254692147,1523286.99061633,1257891.2319706923,1519035.1907557768,2101572.6609807727,2327989.908428107
2025-03-12,1211613.1768216528,1217551.1109825224,941787.2271628957,1160436.7199275305,1032132.2359805688,1230882.686634899,1258597.042085293,1204625.7367303171,1531333.039822361,1258597.042085293,1505833.8742116115,2131069.1697083237,2327390.8434981555
2025-03-13,1211613.1768216528,1176588.242929373,910102.0637455803,1121395.388673632,1032132.2359805688,1189471.295665986,1239757.76632637,1188956.8423992197,1507781.8239945148,1239757.76632637,1510919.296810383,2072346.4541381183,2310487.5999955465
2025-03-14,1211613.1768216528,1197967.4932420442,926639.1147894121,1141771.7547116256,1032132.2359805688,1211084.6380757885,1264917.2134402832,1208759.1796352607,1544945.3262656096,1264917.2134402832,1515342.1278013703,2120452.6421121946,2343248.7096951026
2025-03-17,1211613.1768216528,1200829.2826539765,928852.7357952793,1144499.2997718295,1032132.2359805688,1213977.762650329,1286082.2534952017,1226595.0753273536,1568461.9364567827,1286082.2534952017,1547310.911863694,2143561.3956668866,2396350.7695982796
2025-03-18,1211613.1768216528,1193478.411811562,928852.7357952793,1137493.2526564037,1032132.2359805688,1206546.4034490583,1275223.1896154238,1218263.6687864044,1548541.5990149986,1275223.1896154238,1538981.116658245,2091951.091860204,2368515.953652779
2025-03-19,1211613.1768216528,1207787.3588712239,928852.7357952793,1151130.9779574233,1032132.2359805688,1221012.026321761,1281173.3355350501,1222778.0514887967,1567526.895238572,1281173.3355350501,1524750.7999286177,2166485.132947772,2354825.2926929006
2025-03-20,1211613.1768216528,1201390.4178327867,928852.7357952793,1145034.112528732,1032132.2359805688,1214545.0419786703,1275077.6122174815,1216977.4718935096,1562215.1771548956,1275077.6122174815,1531125.217924331,2163991.2746599736,2364611.201535448
2025-03-21,1211613.1768216528,1224789.754789175,928852.7357952793,1167335.8044915758,1032132.2359805688,1238200.5899705016,1270918.9001973255,1211783.6550878584,1561880.1283200593,1270918.9001973255,1519371.4774178807,2192562.669681022,2343442.883257423
2025-03-24,1211613.1768216528,1224789.754789175,928852.7357952793,1180492.1983113827,1032132.2359805688,1252155.6614476969,1279467.4323423677,1219189.9909252091,1593115.5788707542,1279467.4323423677,1523096.0759040583,2244599.255756418,2359975.762051049
2025-03-25,1211613.1768216528,1224789.754789175,928852.7357952793,1196643.5435698451,1032132.2359805688,1269287.4971636035,1280545.3707302504,1219484.1110114392,1595694.439301086,1280545.3707302504,1516165.3287765656,2270772.0658594156,2341634.4399645715
2025-03-26,1211613.1768216528,1224789.754789175,928852.7357952793,1184770.7003666046,1032132.2359805688,1256693.8960744268,1287103.66151565,1228870.322270336,1577642.8102624428,1287103.66151565,1517268.638028602,2225259.0639136387,2284676.40244812
2025-03-27,1211613.1768216528,1224789.754789175,928852.7357952793,1197178.3563267477,1032132.2359805688,1269854.7764919444,1297833.5018883501,1240082.5474043007,1568000.1892180643,1297833.5018883501,1526353.857786169,2216214.3550626813,2309062.1274673757
2025-03-28,1211613.1768216528,1224789.754789175,928852.7357952793,1165356.9972910357,1032132.2359805688,1236101.6564556388,1282770.0190339969,1228649.7756794184,1532801.4568864997,1282770.0190339969,1502181.5178881367,2187928.2210170906,2278267.9599150023
2025-03-31,1211613.1768216528,1224789.754789175,928852.7357952793,1187979.576908021,1032132.2359805688,1260097.5720444748,1289293.9240124512,1237511.0160692276,1533998.0675803637,1289293.9240124512,1511477.63060405,2206583.338169445,2281107.1619053194
2025-04-01,1211613.1768216528,1224789.754789175,928852.7357952793,1193648.5921311898,1032132.2359805688,1266110.732924892,1289099.9968805918,1238235.2151093383,1541590.1458617465,1289099.9968805918,1511658.2822161275,2186498.8070639595,2266042.4234093344
2025-04-02,1211613.1768216528,1224789.754789175,928852.7357952793,1197392.2814295087,1032132.2359805688,1270081.688223281,1292476.041443132,1241069.7447712808,1556737.6154327423,1292476.041443132,1510721.5021115076,2192176.6093228837,2254149.4209526805
2025-04-03,1211613.1768216528,1224789.754789175,928852.7357952793,1197392.2814295087,1032132.2359805688,1152654.8672566372,1285216.282259251,1239644.9469947675,1475310.2722071789,1285216.282259251,1513869.9286601865,2209410.525224394,2266199.863739058
2025-04-04,1211613.1768216528,1135517.9585963127,928852.7357952793,1197392.2814295087,1032132.2359805688,1068640.7987292942,1209780.3964257785,1170380.1427592929,1379788.2112671395,1209780.3964257785,1434069.788152303,2088317.999454627,2166654.8679445717
2025-04-07,1211613.1768216528,1093805.5460605528,928852.7357952793,1197392.2814295087,1032132.2359805688,1029385.0692080782,1192771.7516890995,1152735.3899495674,1381046.2654003266,1192771.7516890995,1412569.2936258712,2047106.632185645,2134652.103598138
2025-04-08,1211613.1768216528,1039314.1863317562,928852.7357952793,1137740.4230357977,1032132.2359805688,978103.0179260267,1169665.722561254,1134009.1324990934,1352775.9582882354,1169665.722561254,1391890.3752657222,2017568.8509143423,2104032.334897773
2025-04-09,1211613.1768216528,1198629.079875129,928852.7357952793,1312142.9249545783,1032132.2359805688,1128034.9444066258,1227367.4753865201,1183315.8636162467,1503198.9784473912,1227367.4753865201,1458304.6612398503,2079978.8211661065,2206578.426495074
2025-04-10,1211613.1768216528,1198629.079875129,928852.7357952793,1256516.2472710626,1032132.2359805688,1080213.2970274563,1206051.95736855,1169345.3597664263,1442558.4769945897,1206051.95736855,1430744.322197872,2055159.042484686,2180408.9600813324
2025-04-11,1211613.1768216528,1247286.7985361665,928852.7357952793,1307523.865123207,1032132.2359805688,1124063.989108237,1227530.4468203825,1190146.2948755294,1466829.1789882306,1227530.4468203825,1472949.895642007,2093725.4679414106,2213189.8636391605
2025-04-14,1211613.1768216528,1247286.7985361665,928852.7357952793,1336359.9957847686,1032132.2359805688,1148854.0957567506,1247429.1821575991,1209620.1871677288,1481242.2204775864,1247429.1821575991,1499850.8275549558,2126413.9483773755,2253709.049617591
2025-04-15,1211613.1768216528,1247286.7985361665,928852.7357952793,1333852.5061620239,1032132.2359805688,1146698.4343090537,1245266.5754412953,1207748.5938354624,1485754.2866012861,1245266.5754412953,1520180.1725015743,2129401.364911668,2267187.545357618
2025-04-16,1211613.1768216528,1247286.7985361665,928852.7357952793,1281921.0763436055,1032132.2359805688,1102053.5511685954,1230322.96019981,1192355.8086528112,1453712.1629386845,1230322.96019981,1494337.878190057,2100018.5379240867,2267187.545357618
2025-04-17,1211613.1768216528,1247286.7985361665,928852.7357952793,1299803.4365479148,1032132.2359805688,1117426.8209666437,1245354.720801067,1206966.962605041,1463028.1215172457,1245354.720801067,1502700.4971383833,2125615.050273705,2267187.545357618
2025-04-21,1211613.1768216528,1247286.7985361665,928852.7357952793,1274596.5671824308,1032132.2359805688,1095756.750624007,1225785.2362674589,1188081.5079509274,1430635.7051644807,1225785.2362674589,1474062.7800005367,2091521.8598870712,2267187.545357618
2025-04-22,1211613.1768216528,1247286.7985361665,928852.7357952793,1318015.7295973222,1032132.2359805688,1133083.7304288633,1258900.5489855919,1216994.9534588458,1466001.4660757491,1258900.5489855919,1519346.001359646,2137674.8544517127,2267187.545357618
2025-04-23,1211613.1768216528,1247286.7985361665,928852.7357952793,1350085.2021408435,1032132.2359805688,1160653.505786249,1253950.5868829417,1210995.1669012865,1492547.63522131,1253950.5868829417,1540568.291060815,2135004.043745462,2267187.545357618
2025-04-24,1211613.1768216528,1247286.7985361665,928852.7357952793,1374962.1386612295,1032132.2359805688,1182039.9364647153,1256330.1555526834,1210148.301821281,1533702.0733144032,1256330.1555526834,1596979.498356834,2157189.5896921866,2267187.545357618
2025-04-25,1211613.1768216528,1247286.7985361665,928852.7357952793,1380966.9164420124,1032132.2359805688,1187202.1783526207,1255678.3327034018,1206310.2702801125,1543891.6480041153,1255678.3327034018,1621134.6312224278,2161023.5161206354,2267187.545357618
2025-04-28,1211613.1768216528,1247286.7985361665,928852.7357952793,1386641.761377697,1032132.2359805688,1192080.7805763558,1253786.6281923708,1205241.4297479594,1546177.120574229,1253786.6281923708,1622595.5160533693,2168245.194991615,2267187.545357618
2025-04-29,1211613.1768216528,1247286.7985361665,928852.7357952793,1393702.3242627936,1032132.2359805688,1198150.6693896076,1270281.859804851,1219069.87326933,1555343.0744232966,1270281.859804851,1652048.0160671012,2191044.2956660744,2267187.545357618
2025-04-30,1211613.1768216528,1247286.7985361665,928852.7357952793,1393702.3242627936,1032132.2359805688,1205468.5727252099,1273794.55213271,1224061.6163404756,1562064.7073883377,1273794.55213271,1649785.6336806803,2212566.62522182,2267187.545357618
2025-05-01,1211613.1768216528,1247286.7985361665,928852.7357952793,1393702.3242627936,1032132.2359805688,1210120.2632176082,1271450.427685832,1219814.0664417306,1564645.8585421334,1271450.427685832,1646242.4451970037,2196454.531832493,2267187.545357618
2025-05-02,1211613.1768216528,1247286.7985361665,928852.7357952793,1393702.3242627936,1032132.2359805688,1164908.1007488086,1285258.2268933638,1229470.8085444276,1595385.0509494015,1285258.2268933638,1671845.0662814216,2206763.0060323155,2267187.545357618
2025-05-05,1173497.6612518067,1247286.7985361665,928852.7357952793,1393702.3242627936,1032132.2359805688,1128261.8561379623,1285499.3085081894,1230615.0667916788,1591779.322889933,1285499.3085081894,1663976.0231212187,2194974.4985321276,2267187.545357618
2025-05-06,1171255.5721006393,1247286.7985361665,928852.7357952793,1393702.3242627936,1032132.2359805688,1126106.1946902655,1273951.8841912744,1223749.7671666814,1577270.8801962028,1273951.8841912744,1640108.207275884,2141286.2278354554,2267187.545357618
2025-05-07,1157921.0418858016,1247286.7985361665,928852.7357952793,1393702.3242627936,1032132.2359805688,1113285.6818697527,1278358.4956407882,1228168.2787584108,1584812.376429316,1278358.4956407882,1644040.121263348,2132614.5215107775,2267187.545357618
2025-05-08,1165237.3328001373,1247286.7985361665,928852.7357952793,1393702.3242627936,1032132.2359805688,1120319.9455411846,1287441.89490671,1228995.0534797031,1598214.4408689023,1287441.89490671,1668876.0248929535,2136199.2098165182,2267187.545357618
2025-05-09,1165237.3328001373,1247286.7985361665,928852.7357952793,1393702.3242627936,1032132.2359805688,1126219.6505559336,1284473.5293428537,1225804.2238796744,1595906.2000054403,1284473.5293428537,1667481.7476016907,2141497.80216894,2267187.545357618
2025-05-12,1237195.2721550444,1247286.7985361665,928852.7357952793,1393702.3242627936,1032132.2359805688,1195768.096210574,1302676.4658286208,1233516.9694501276,1653059.9205958229,1302676.4658286208,1699144.128747578,2134600.01099499,2267187.545357618
2025-05-13,1249755.630247989,1247286.7985361665,928852.7357952793,1393702.3242627936,1032132.2359805688,1207907.8738370775,1316404.970050218,1237666.2241175254,1669656.8875977795,1316404.970050218,1759170.6693160608,2180349.908515335,2267187.545357618
2025-05-14,1246234.034520995,1247286.7985361665,928852.7357952793,1393702.3242627936,1032132.2359805688,1204504.1978670298,1321515.9811403176,1240624.3980800903,1671222.827679248,1321515.9811403176,1766816.1885912006,2190453.4640595187,2267187.545357618
2025-05-15,1241069.0274547376,1247286.7985361665,928852.7357952793,1393702.3242627936,1032132.2359805688,1199512.1397776266,1328855.0631346542,1253607.2299501058,1679833.0226170786,1328855.0631346542,1740642.1628728283,2197618.127466599,2267187.545357618
2025-05-16,1239953.8554745228,1247286.7985361665,928852.7357952793,1393702.3242627936,1032132.2359805688,1198434.3090537782,1337350.9045053134,1262775.62064006,1690157.2479348106,1337350.9045053134,1746067.3423042363,2198406.838117473,2267187.545357618
2025-05-19,1225397.926469615,1247286.7985361665,928852.7357952793,1393702.3242627936,1032132.2359805688,1184365.7817109146,1339470.1168100343,1266374.9955361008,1692453.6366154437,1339470.1168100343,1748572.7408146402,2197026.411578351,2267187.545357618
2025-05-20,1214128.820143235,1247286.7985361665,928852.7357952793,1393702.3242627936,1032132.2359805688,1173474.018606762,1336024.8072357385,1263553.436398031,1689053.7485334685,1336024.8072357385,1738630.6016448194,2199421.3250115532,2267187.545357618
2025-05-21,1186132.134113634,1247286.7985361665,928852.7357952793,1393702.3242627936,1032132.2359805688,1146414.7946448831,1316686.9684429972,1247643.9336791644,1662058.0257087676,1316686.9684429972,1703915.263013152,2168588.485832319,2267187.545357618
2025-05-22,1186132.134113634,1247286.7985361665,928852.7357952793,1393702.3242627936,1032132.2359805688,1142273.655547992,1315700.499007468,1246457.2791331487,1660136.5025743176,1315700.499007468,1709392.2350125904,2165438.246225194,2267187.545357618
2025-05-23,1186132.134113634,1247286.7985361665,928852.7357952793,1393702.3242627936,1032132.2359805688,1107726.3444520081,1304128.6489063732,1235279.448128179,1648387.6352912346,1304128.6489063732,1699245.9946849947,2161542.526061055,2267187.545357618
2025-05-27,1186132.134113634,1278841.040277185,928852.7357952793,1393702.3242627936,1032132.2359805688,1135749.9432720672,1330839.3553446392,1256354.5870653712,1680632.2486814612,1330839.3553446392,1734159.6828534596,2183969.703083116,2267187.545357618
2025-05-28,1186132.134113634,1278841.040277185,928852.7357952793,1393702.3242627936,1032132.2359805688,1136941.2298615838,1322829.7512739243,1248609.7689424572,1670596.330399191,1322829.7512739243,1732584.4064204365,2173911.378769685,2267187.545357618
2025-05-29,1186132.134113634,1278841.040277185,928852.7357952793,1393702.3242627936,1032132.2359805688,1134275.0170183796,1318434.0835899708,1244999.9907180737,1668970.8508287224,1318434.0835899708,1727982.0691347662,2152930.1973052886,2267187.545357618
2025-05-30,1186132.134113634,1278841.040277185,928852.7357952793,1393702.3242627936,1032132.2359805688,1139380.5309734512,1321066.6782283534,1249590.0093690264,1667856.3089550799,1321066.6782283534,1718340.092834581,2195958.413537283,2267187.545357618
2025-06-02,1186132.134113634,1278841.040277185,928852.7357952793,1393702.3242627936,1032132.2359805688,1144202.405264352,1329639.8093152689,1255066.518147093,1677210.9801106588,1329639.8093152689,1756865.436818487,2225939.470303342,2267187.545357618
2025-06-03,1186132.134113634,1278841.040277185,928852.7357952793,1393702.3242627936,1032132.2359805688,1153108.6907193102,1341725.4242376871,1263477.6063303677,1692120.7606770666,1341725.4242376871,1794188.7790681405,2234576.664083466,2267187.545357618
2025-06-04,1183506.2696951209,1278841.040277185,928852.7357952793,1393702.3242627936,1032132.2359805688,1150555.9337417744,1345660.694600518,1266119.9145730757,1695068.155420492,1345660.694600518,1800711.3796422156,2217569.4951380724,2267187.545357618
2025-06-05,1170727.0628583578,1278841.040277185,928852.7357952793,1393702.3242627936,1032132.2359805688,1138132.5164511006,1341953.8809318393,1264219.5456811236,1690608.0354525782,1341953.8809318393,1801610.184864915,2212398.936945523,2267187.545357618
2025-06-06,1189925.0493848193,1278841.040277185,928852.7357952793,1393702.3242627936,1032132.2359805688,1156796.0063535282,1355989.5644261157,1275625.874786405,1707465.5171478398,1355989.5644261157,1810676.0079511774,2207060.945981999,2267187.545357618
2025-06-09,1175511.9713543146,1278841.040277185,917601.9204882259,1393702.3242627936,1032132.2359805688,1142784.2069434987,1359184.9697007588,1274667.401476289,1710175.1303235271,1359184.9697007588,1813294.479838221,2193697.4271042855,2267187.545357618
2025-06-10,1182630.9815556165,1278841.040277185,923159.0033524384,1393702.3242627936,1032132.2359805688,1149705.0147492625,1368862.8809631171,1281025.6035727046,1727937.233111923,1368862.8809631171,1806841.6517622967,2180150.8511991543,2267187.545357618
2025-06-11,1182630.9815556165,1278841.040277185,905440.1079903179,1393702.3242627936,1032132.2359805688,1127637.848876787,1365910.7397862382,1276929.0447300954,1723334.4835530412,1365910.7397862382,1818137.1324963612,2181266.3020150135,2267187.545357618
2025-06-12,1182630.9815556165,1278841.040277185,907353.2020911124,1393702.3242627936,1032132.2359805688,1130020.4220558202,1365928.26987867,1278813.016204316,1725346.019743993,1365928.26987867,1821454.7362958784,2186742.5004661274,2265861.906321363
2025-06-13,1182630.9815556165,1278841.040277185,894826.9907168626,1393702.3242627936,1032132.2359805688,1114420.2405264352,1347285.21993005,1261686.9759308703,1702579.9546784987,1347285.21993005,1797054.4917343645,2169018.04022615,2260703.100192709
2025-06-16,1182630.9815556165,1291665.2543232325,903800.3130467797,1393702.3242627936,1032132.2359805688,1125595.6432947582,1368147.9359486806,1277391.8704782145,1724786.1106549248,1368147.9359486806,1842313.7914735104,2219979.7318034465,2292020.2662421353
2025-06-17,1182630.9815556165,1291665.2543232325,903800.3130467797,1393702.3242627936,1032132.2359805688,1109825.2779668707,1356572.949842842,1266294.9565874955,1708990.573417739,1356572.949842842,1841577.7795523955,2204532.6151501467,2283232.4567413554
2025-06-18,1182630.9815556165,1297871.3744370327,903800.3130467797,1393702.3242627936,1032132.2359805688,1115157.703653279,1354761.03498452,1264021.573140999,1707149.5344850977,1354761.03498452,1841261.1543022362,2209200.446891844,2290228.342360369
2025-06-20,1182630.9815556165,1327053.343482773,903800.3130467797,1393702.3242627936,1032132.2359805688,1140231.4499659631,1349908.6685138796,1260655.4476532293,1701813.3865724213,1349908.6685138796,1842900.3523718843,2216110.7672881684,2284196.4581463696
2025-06-23,1182630.9815556165,1327053.343482773,903800.3130467797,1393702.3242627936,1032132.2359805688,1143067.8466076695,1363386.2578419917,1272272.2376902371,1718126.2451105774,1363386.2578419917,1860183.1031681618,2235652.716979755,2317018.9022351466
2025-06-24,1175588.017893747,1327053.343482773,903800.3130467797,1393702.3242627936,1032132.2359805688,1136260.4946675743,1387480.5256951211,1290799.6603239274,1747460.868239163,1387480.5256951211,1914516.0883706815,2261195.3364374377,2358600.6526252013
2025-06-25,1182983.12973871,1327053.343482773,903800.3130467797,1393702.3242627936,1032132.2359805688,1143408.2142046744,1382938.3593375531,1283713.1690862074,1739637.7059624232,1382938.3593375531,1924951.2927878494,2255662.0047985306,2364490.232770713
2025-06-26,1179696.4133631708,1327053.343482773,903800.3130467797,1393702.3242627936,1032132.2359805688,1140231.4499659631,1394845.8113308712,1293916.9867372352,1752918.7937476512,1394845.8113308712,1934312.14810184,2259539.517493449,2387819.4526260165
2025-06-27,1180165.9442739622,1327053.343482773,903800.3130467797,1393702.3242627936,1032132.2359805688,1140685.2734286364,1397998.0735787526,1298507.004088597,1757444.544134001,1397998.0735787526,1936478.2282472157,2252575.0502617043,2376622.7399577894
2025-06-30,1204170.712088168,1327053.343482773,903800.3130467797,1393702.3242627936,1032132.2359805688,1163886.9979577945,1407147.6141652653,1307668.7448496008,1770394.4633277266,1407147.6141652653,1942748.0744916948,2273263.3089695624,2398017.4737970685
2025-07-01,1219723.92350813,1327053.343482773,903800.3130467797,1393702.3242627936,1032132.2359805688,1178919.9001588381,1403160.4827936445,1308463.3503906806,1768508.8771647497,1403160.4827936445,1897684.3155801531,2203733.200103742,2336206.6735201515
2025-07-02,1246839.3336063283,1327053.343482773,903800.3130467797,1393702.3242627936,1055077.337175017,1205128.205128205,1408672.9322986717,1309897.3341639237,1775323.5619812072,1408672.9322986717,1917538.2125965294,2214573.520163171,2372042.4996953965
2025-07-03,1253354.074993558,1327053.343482773,903800.3130467797,1393702.3242627936,1060590.1212282286,1211425.0056727934,1421273.2827432682,1321738.2705320744,1791337.3491003334,1421273.2827432682,1921648.9938470912,2235295.1999007827,2387521.339019107
2025-07-07,1232225.1840079487,1327053.343482773,903800.3130467797,1393702.3242627936,1042710.8215961909,1191002.949852507,1408245.3450978117,1311726.2664061037,1776861.1129851774,1408245.3450978117,1888217.250664937,2229810.0721704303,2369055.7892766963
2025-07-08,1232577.3321910421,1327053.343482773,903800.3130467797,1393702.3242627936,1043008.8099233916,1191343.317449512,1412594.0748342942,1312768.7942979736,1781569.8741973473,1412594.0748342942,1890363.350783215,2213779.686133967,2365465.4299157863
2025-07-09,1239209.4563059695,1327053.343482773,903800.3130467797,1393702.3242627936,1048620.9234190034,1197753.5738597685,1415843.3634412503,1314098.3709999085,1784792.9550305672,1415843.3634412503,1887463.0189267683,2241470.1180661228,2373007.705204077
2025-07-10,1246663.2595147816,1327053.343482773,903800.3130467797,1393702.3242627936,1054928.3430114167,1204958.0213297026,1413398.751178544,1310368.0711248193,1776856.9159971804,1413398.751178544,1887535.3240925092,2209790.0267963866,2367125.228652377
2025-07-11,1239326.8390336675,1327053.343482773,903800.3130467797,1393702.3242627936,1048720.2528614036,1197867.0297254368,1406258.498535645,1303457.1663597864,1766131.666457629,1406258.498535645,1904361.9716916282,2222135.0255158353,2381105.7578824884
2025-07-14,1224419.2326160432,1327053.343482773,892928.6858676794,1393702.3242627936,1036105.4136765772,1183458.1347855683,1413188.7585407218,1311406.6446334363,1777716.9393930938,1413188.7585407218,1896651.500205308,2248538.089516348,2387490.2539900686
2025-07-15,1227295.10944464,1327053.343482773,895025.9682762461,1393702.3242627936,1038538.9850153823,1186237.8034944409,1406458.6014136483,1303169.0871964626,1765076.5398627291,1406458.6014136483,1916755.3640368597,2265472.7628147732,2415398.0556879854
2025-07-16,1233457.702648776,1327053.343482773,899520.1448660316,1393702.3242627936,1043753.7807413932,1192194.236442024,1408373.1203630832,1305016.9137970086,1768787.5140650186,1408373.1203630832,1912227.716014831,2273791.857892572,2408107.466911804
2025-07-17,1232636.0235548913,1327053.343482773,898920.9213207269,1393702.3242627936,1043058.4746445918,1191400.0453823463,1418610.0559341654,1315262.504205138,1781416.182130944,1418610.0559341654,1919981.312887532,2288710.3336049523,2420772.3130431063
2025-07-18,1239444.2217613652,1327053.343482773,903885.9164103947,1393702.3242627936,1048819.5823038039,1197980.4855911052,1419209.0492720015,1315635.130962361,1783610.392991499,1419209.0492720015,1913566.9887999934,2284634.810822302,2420448.456700308
2025-07-21,1247074.099061724,1327053.343482773,909450.1350453673,1393702.3242627936,1055275.9960598173,1205355.1168595415,1423730.618702573,1320041.1073697975,1789459.6733997585,1423730.618702573,1927947.7020589544,2287745.8618911267,2416804.3586569685
2025-07-22,1258342.8409207156,1327053.343482773,917668.0579524038,1393702.3242627936,1064811.6225302375,1216246.8799636941,1424251.4699388281,1323880.6157165186,1794820.9037593172,1424251.4699388281,1899605.306882554,2245554.392007477,2376553.835466767
2025-07-23,1256875.5568244928,1327053.343482773,916598.0159072167,1393702.3242627936,1063570.004500235,1214828.6816428408,1430332.6568212484,1329453.82502205,1802534.0461694521,1430332.6568212484,1933973.9283428106,2263585.064082872,2407136.542648764
2025-07-24,1254586.593634385,1327053.343482773,914928.7503167249,1393702.3242627936,1061633.0803734306,1212616.29226231,1432304.784108199,1330967.6698913279,1802755.597510301,1432304.784108199,1945417.0025961986,2274674.54602486,2417775.444638316
2025-07-25,1255290.890000572,1327053.343482773,915442.3704984147,1393702.3242627936,1062229.057027832,1213297.0274563194,1435290.8250332137,1332685.7716200997,1804847.977243648,1435290.8250332137,1956420.5908846336,2296167.061943257,2437043.623336677
2025-07-28,1256288.6431860037,1327053.343482773,916169.999089142,1393702.3242627936,1063073.357288234,1214261.4023144997,1436393.7835072163,1331153.7395696691,1804701.6034040218,1436393.7835072163,1972235.259428053,2320440.4836720964,2462073.330053905
2025-07-29,1239972.4440360055,1327053.343482773,904271.1315466621,1393702.3242627936,1049266.564794605,1198491.0369866122,1436264.22385441,1331841.3752629585,1804197.9385101593,1436264.22385441,1981548.622600185,2339926.6431248565,2469996.0805099593
2025-07-30,1226942.9612615467,1327053.343482773,894769.1581854012,1393702.3242627936,1038240.9966881817,1185897.435897436,1433277.7810226837,1328547.3840004343,1798919.7663216125,1433277.7810226837,1992704.0587439574,2361092.723760557,2484456.749036292
2025-07-31,1218256.6394119072,1317658.2755643108,888434.5092778938,1393702.3242627936,1030890.6179505661,1177501.701837985,1414778.936822717,1312893.0181078399,1777125.2182876405,1414778.936822717,1977277.3790350873,2393115.8608535985,2478931.068881998
2025-08-01,1218256.6394119072,1284712.0576610551,866220.436419811,1393702.3242627936,1005114.627647712,1148059.9046970727,1396216.8496088963,1297533.519831213,1754117.2924835067,1396216.8496088963,1946281.5438810172,2340677.7001072536,2446283.33921967
2025-08-04,1218256.6394119072,1290869.635958966,870372.1995551366,1393702.3242627936,1005114.627647712,1153562.5141819832,1425007.9681606635,1322975.2684536837,1784820.4787515504,1425007.9681606635,1988986.8427428363,2406623.649192285,2498623.788794114
2025-08-05,1218256.6394119072,1288139.987847521,868531.7272374149,1393702.3242627936,1005114.627647712,1151123.2130701158,1412404.511036466,1311166.613284797,1772790.5264392877,1412404.511036466,1953213.6697966931,2378476.0668525626,2494898.1283265934
2025-08-06,1218256.6394119072,1353715.0227108411,912745.8645445433,1393702.3242627936,1005114.627647712,1209723.1676877695,1416842.4984049068,1313374.0623318835,1782100.4052502164,1416842.4984049068,1942141.5277965325,2364594.696310123,2491675.311046561
2025-08-07,1256989.4882522952,1353715.0227108411,941765.4048100158,1393702.3242627936,1005114.627647712,1248184.7061493078,1419121.2894543258,1315378.2209418777,1776524.6432577628,1419121.2894543258,1958887.390049724,2381914.1810124703,2492159.0255520805
2025-08-08,1310232.8733839197,1353715.0227108411,981656.5722545886,1393702.3242627936,1047689.1326228366,1301055.1395507148,1425088.8412704833,1322054.9822442115,1783896.0323642914,1425088.8412704833,1974593.8962852284,2393022.0150046065,2498075.951426989
2025-08-11,1297836.0766311705,1353715.0227108411,972368.6073023651,1393702.3242627936,1037776.399168328,1288745.178125709,1417969.3691107382,1315490.7709809577,1776446.2939702112,1417969.3691107382,1965247.0638386635,2385806.265899868,2489739.5487545403
2025-08-12,1311946.7162529635,1353715.0227108411,982940.622708813,1393702.3242627936,1049059.5566027227,1302756.9775357386,1436291.8598019832,1329835.6378607089,1800635.306421548,1436291.8598019832,1978038.3953216518,2420152.3873298913,2547132.293086564
2025-08-13,1332969.8554465666,1353715.0227108411,998691.6416139663,1393702.3242627936,1065870.090755991,1323632.8568186976,1442144.7273664963,1334515.4201653227,1814108.5461990617,1442144.7273664963,1985630.0723412805,2429200.9084371873,2549809.9268456968
2025-08-14,1329827.810186653,1353715.0227108411,996337.5491145548,1393702.3242627936,1063357.6467928665,1320512.8205128205,1434490.7301400502,1328676.8548793243,1804919.3915343669,1434490.7301400502,1974573.4905699047,2410846.452730908,2541930.0804428672
2025-08-15,1323029.5668061129,1353715.0227108411,991244.1489794645,1393702.3242627936,1057921.631672652,1313762.1965055591,1422891.763603328,1318257.5650304356,1800171.6324322885,1422891.763603328,1962852.838466186,2376153.2778110686,2519673.6554389405
2025-08-18,1319030.6001116775,1353715.0227108411,988248.0312529408,1393702.3242627936,1054723.9757195846,1309791.2412071703,1422630.9580534282,1316850.075392547,1803047.6942787638,1422630.9580534282,1960648.6872025952,2390127.6700667567,2531766.420511676
2025-08-19,1317145.3729557295,1353715.0227108411,986835.5757532939,1393702.3242627936,1053216.5093417102,1307919.2194236442,1413420.1404469677,1314214.0648267674,1794165.3988279956,1413420.1404469677,1913023.1419790082,2324923.111295965,2462062.270960993
2025-08-20,1291152.0894418997,1353715.0227108411,967360.8105308898,1393702.3242627936,1032431.7456467727,1282108.0099841163,1409109.8079312623,1311380.245317615,1790801.7557640693,1409109.8079312623,1906759.1373449399,2319506.7915907586,2447729.735138494
2025-08-21,1284810.870826438,1353715.0227108411,962609.8238502594,1393702.3242627936,1027361.1769211945,1275811.209439528,1405825.2243189565,1306422.6916030964,1784278.7741223993,1405825.2243189565,1910410.734702833,2308657.762053236,2442729.4253379735
2025-08-22,1301149.5061779881,1353715.0227108411,974851.104847199,1393702.3242627936,1040425.885529441,1292035.3982300884,1423893.1680897598,1320250.8271166196,1812330.8639824921,1423893.1680897598,1938132.5647963302,2359789.746181675,2481852.235856078
2025-08-25,1297721.8204399007,1353715.0227108411,972283.0039387501,1393702.3242627936,1037685.037569669,1288631.7222600407,1414261.209421689,1308854.4690929763,1796703.3454341288,1414261.209421689,1935862.2584017273,2363592.3425745415,2473074.919955977
2025-08-26,1310004.3610013807,1353715.0227108411,981485.3655273587,1393702.3242627936,1047506.4094255186,1300828.2278193783,1418911.6917944436,1310589.9034422457,1798790.4740713774,1418911.6917944436,1949342.9508814914,2391216.226676393,2493416.2773971683
2025-08-27,1316745.476286286,1353715.0227108411,986535.9639806416,1393702.3242627936,1052896.7437464034,1307522.1238938053,1423054.280528156,1314610.3668486194,1806085.2983353978,1423054.280528156,1956144.0749188906,2398501.630712322,2508561.777618574
2025-08-28,1328570.9920826876,1353715.0227108411,995395.9121147902,1393702.3242627936,1062352.6692076167,1319264.8059904696,1430106.4248652,1319154.648009959,1814425.8298417064,1430106.4248652,1972333.3603115403,2432365.9862540257,2524957.520285335
2025-08-29,1326171.6120660263,1353715.0227108411,993598.2414788759,1393702.3242627936,1060434.0756357764,1316882.2328114363,1411126.4593469466,1306238.4854504503,1798927.532165668,1411126.4593469466,1955907.6384142821,2372966.5738518396,2492852.4292837675
2025-09-02,1312346.612922407,1353715.0227108411,983240.2344814654,1393702.3242627936,1049379.3221980294,1303154.0730655775,1405212.8961408606,1298902.985136949,1786570.8260551253,1405212.8961408606,1965721.0355347379,2391430.6214557714,2503715.4626767472
2025-09-03,1362333.6966028488,1353715.0227108411,1020691.7060630118,1393702.3242627936,1089350.0216113706,1352791.0142954392,1413289.2475270217,1307491.7864728696,1788119.052045857,1413289.2475270217,1975184.0735092487,2426323.770933377,2565735.8362617935
2025-09-04,1369817.4771310063,1353715.0227108411,1026298.7263797919,1393702.3242627936,1095334.2063235394,1360222.3734967099,1430040.5067777534,1321172.7673713665,1803087.7842141567,1430040.5067777534,2017163.293255192,2474786.54400674,2606161.5855427287
2025-09-05,1369303.3242702931,1353715.0227108411,1025913.5112435245,1393702.3242627936,1094923.0791295737,1359711.8221012026,1432635.2101585614,1321451.9215800082,1809098.8060123508,1432635.2101585614,2036094.4676920376,2527529.106924279,2631485.166087464
2025-09-08,1358963.1389603962,1353715.0227108411,1018166.4068363704,1393702.3242627936,1086654.8544509283,1349444.0662582254,1439124.363787134,1325194.9029086025,1816522.8430469215,1439124.363787134,2064439.9668260633,2578230.19313068,2677332.19429702
2025-09-09,1338796.921201315,1353715.0227108411,1003057.4131583293,1393702.3242627936,1070529.532287603,1329419.1059677785,1444830.5475218615,1328468.8911300001,1820465.9140115709,1444830.5475218615,2089782.396488768,2619347.9947266574,2715341.5270539233
2025-09-10,1295608.0809014135,1353715.0227108411,970699.3417118733,1393702.3242627936,1035994.8479944762,1286532.7887451781,1434344.3173367893,1318723.0855884876,1808886.085360509,1434344.3173367893,2097205.7340151146,2668646.0176713997,2743284.93464644
2025-09-11,1295608.0809014135,1373054.6614673259,984567.0866174974,1393702.3242627936,1050795.426977245,1304912.6389834355,1452945.972633726,1333947.470613306,1834110.8486436515,1452945.972633726,2115769.243191179,2690386.1005015997,2747432.55539926
2025-09-12,1295608.0809014135,1373054.6614673259,1001858.9660677199,1393702.3242627936,1069250.4699063762,1327830.7238484228,1454497.9459406165,1334076.6277963056,1831138.9509312622,1454497.9459406165,2162201.083847536,2744367.7411243743,2798548.678202414
2025-09-15,1310165.475068845,1373054.6614673259,1013115.8083830875,1393702.3242627936,1081264.5201300434,1342750.1701837985,1469381.775539795,1343560.4642250903,1838228.9888803193,1469381.775539795,2227736.9397214786,2802963.288569419,2876292.4746708022
2025-09-16,1318191.41481895,1373054.6614673259,1019322.0522451724,1393702.3242627936,1087888.2360328257,1350975.720444747,1471263.544343327,1343696.540361411,1839285.0690280655,1471263.544343327,2233499.6851899135,2802168.0012023775,2863398.458715966
2025-09-17,1322840.9247431487,1373054.6614673259,1022917.3935170008,1393702.3242627936,1091725.4231765065,1355740.8668028137,1473169.988673463,1347192.5588746178,1845560.4853735834,1473169.988673463,2226899.914638851,2777312.178210582,2838517.56741378
2025-09-18,1316696.9294861718,1373054.6614673259,1018166.4068363704,1393702.3242627936,1086654.8544509283,1349444.0662582254,1492451.9094665628,1357187.317832101,1868161.7934868494,1492451.9094665628,2281810.66204823,2836470.2750610183,2888400.7449064134
2025-09-19,1358874.6266556885,1373054.6614673259,1050781.2883736712,1393702.3242627936,1121463.6235400322,1392670.7510778306,1495219.6388079803,1358703.7428726952,1869988.6121276524,1495219.6388079803,2297617.373842332,2856855.60948062,2919391.174895219
2025-09-22,1417436.3111771434,1373054.6614673259,1096065.4677259866,1393702.3242627936,1169793.909230678,1452688.9040163376,1501078.1720459005,1363144.2942230871,1877082.8113012887,1501078.1720459005,2325122.6049913093,2897731.60566721,2945363.7290082737
2025-09-23,1408303.3452546103,1373054.6614673259,1089003.1902277523,1393702.3242627936,1162256.577341305,1443328.7950987066,1497964.4064277664,1360984.6742978124,1871413.1691089957,1497964.4064277664,2325833.298939217,2889933.679543516,2923038.586876679
2025-09-24,1396568.8678268706,1373054.6614673259,1079929.233684566,1393702.3242627936,1152572.2478834442,1431302.4733378717,1494779.4336392782,1359371.4982025353,1865860.8833345824,1494779.4336392782,2320134.4537078156,2845849.4821606963,2886087.0273343455
2025-09-25,1421809.064558235,1373054.6614673259,1099446.8005887778,1393702.3242627936,1173402.6923777112,1457170.4107102337,1485094.5487248562,1351103.9586795482,1854279.3779734222,1485094.5487248562,2312148.2191448687,2792926.592259837,2866418.604811976
2025-09-26,1414004.530042616,1373054.6614673259,1093411.763453923,1393702.3242627936,1166961.699672247,1449171.772180622,1501128.258134856,1366211.4956654778,1868914.6056084319,1501128.258134856,2338607.9229272944,2811747.7466974617,2898839.083488502
2025-09-29,1408303.3452546103,1373054.6614673259,1089003.1902277523,1393702.3242627936,1162256.577341305,1443328.7950987066,1516094.3314766504,1377828.17187699,1882113.2129208103,1516094.3314766504,2382119.9352674573,2919234.7666340615,2947656.8737548003
2025-09-30,1409410.3714270385,1373054.6614673259,1089859.2238639018,1393702.3242627936,1163170.1933278958,1444463.353755389,1520413.5953272197,1380304.2728853354,1885039.3983263455,1520413.5953272197,2412127.5131571232,2973533.4584692903,2979335.4436444906
2025-10-01,1413949.1787339943,1373054.6614673259,1093368.9617721154,1393702.3242627936,1166916.0188729174,1449115.0442477877,1537242.6370242531,1389164.192424513,1894974.9897385088,1537242.6370242531,2534096.587220679,3133884.295499454,3092469.8249262297
2025-10-02,1423248.1985823917,1373054.6614673259,1100559.6443157722,1393702.3242627936,1174590.393160279,1458645.3369639209,1548777.0756073073,1399612.82879575,1905556.0890210194,1548777.0756073073,2544456.697995872,3169760.489486345,3100331.2993686544
2025-10-03,1428174.4650496973,1373054.6614673259,1104368.993996638,1393702.3242627936,1178655.9843006073,1463694.1229861581,1542304.841517412,1393672.6926152362,1904006.2183266268,1542304.841517412,2529382.386056229,3180272.695878997,3095475.6283365805
2025-10-06,1420812.7410030495,1373054.6614673259,1098676.370316243,1393702.3242627936,1172580.4379897795,1456149.3079192194,1551002.4102081368,1401588.463350789,1912980.332212814,1551002.4102081368,2505800.2227390166,3114894.5792177534,3043057.707341737
2025-10-07,1419650.363522,1373054.6614673259,1097777.534998286,1393702.3242627936,1171621.1412038596,1454958.0213297028,1529544.8155826384,1383541.6441442047,1898974.7031636864,1529544.8155826384,2437010.7161662127,3047967.175609167,2990072.98340652
2025-10-08,1428395.8702841832,1373054.6614673259,1104540.200723868,1393702.3242627936,1178838.7074979255,1463921.0347174949,1545659.1786132928,1395457.2440742936,1916076.49562316,1545659.1786132928,2479492.2277014465,3105785.288312979,3031378.750500679
2025-10-09,1406144.6442183752,1373054.6614673259,1087333.9246372604,1393702.3242627936,1160475.0261674533,1441116.4057181755,1535956.9052314786,1385821.0571299281,1905954.532752295,1535956.9052314786,2453672.917814856,3087864.274336099,3003698.351356804
2025-10-10,1357601.546557396,1373054.6614673259,1049796.8496920993,1393702.3242627936,1120412.9651554532,1391366.0086226459,1482399.8081614461,1345161.246564158,1851072.223789868,1482399.8081614461,2335136.5261743064,2957232.596483629,2884813.1487786137
2025-10-13,1370830.5093179136,1373054.6614673259,1060026.4516440872,1393702.3242627936,1131330.6761952115,1404923.9845700024,1518150.898317838,1372213.7060638429,1883148.7450278713,1518150.898317838,2414894.953699773,3046225.851016874,2954611.8107745475
2025-10-14,1371439.3737127492,1373054.6614673259,1060497.2701439697,1393702.3242627936,1131833.1649878363,1405547.9918311778,1512488.305735223,1371698.1990922624,1884828.8948300027,1512488.305735223,2372224.7782606944,2985126.056697664,2913212.155350039
2025-10-15,1380129.529166311,1373054.6614673259,1067217.1341877442,1393702.3242627936,1139005.050482573,1414454.2772861358,1532600.5928660084,1385480.9538952422,1892985.2660801546,1532600.5928660084,2470715.9091205555,3107788.706325199,3016157.3269199748
2025-10-16,1369668.131836864,1373054.6614673259,1059127.6163261302,1393702.3242627936,1130371.379409291,1403732.6979804856,1527739.0974923691,1380101.3484444367,1884944.234987191,1527739.0974923691,2479260.949685673,3143176.8209337317,3048378.495983704
2025-10-17,1396458.165209628,1399910.9336900047,1079843.630320951,1393702.3242627936,1152480.886284785,1431189.0174722034,1533394.6014550189,1387377.794055944,1897007.3604189768,1533394.6014550189,2468678.8321823436,3147573.2906662347,3041013.0637555183
2025-10-20,1451532.717287934,1399910.9336900047,1122431.3037193953,1393702.3242627936,1197933.2816176703,1487633.3106421602,1548204.9495019664,1400301.1334761952,1918397.097956395,1548204.9495019664,2476360.0827493486,3156481.0735522863,3044351.479798865
2025-10-21,1454466.3366448686,1399910.9336900047,1124699.7928551917,1393702.3242627936,1200354.3639821354,1490639.8910823688,1543151.6406848624,1394502.695765137,1926559.1068635518,1543151.6406848624,2483533.430556956,3145143.5459355013,3008098.6980709243
2025-10-22,1430554.5713204183,1399910.9336900047,1106209.4663143598,1393702.3242627936,1180620.2586717773,1466133.4240980258,1528148.1121053162,1383941.2325171256,1909281.2746852234,1528148.1121053162,2436181.6428422765,3088578.3318207767,2974363.2666464606
2025-10-23,1436809.269194638,1399910.9336900047,1111046.0563586052,1393702.3242627936,1185782.1889960144,1472543.680508282,1551703.4359793253,1398588.121426852,1925246.8508032856,1551703.4359793253,2514969.875153622,3187964.1923417645,3068364.5765400752
2025-10-24,1454743.0931879757,1399910.9336900047,1124913.8012642292,1393702.3242627936,1200582.7679787832,1490923.5307465396,1568753.1823607516,1409992.5445163026,1935599.3035639827,1568753.1823607516,2567825.307609402,3301465.910100858,3129353.853224853
2025-10-27,1487898.527052202,1399910.9336900047,1150552.0086669107,1393702.3242627936,1227945.5667771734,1524903.562514182,1590845.1459188112,1427790.0226135987,1957449.5806270659,1590845.1459188112,2625528.8728528805,3334967.9129756414,3175708.7205896927
2025-10-28,1488950.201916009,1399910.9336900047,1151365.240621253,1393702.3242627936,1228813.5019644345,1525981.3932380304,1592494.2477238243,1428419.551457547,1951576.6031608484,1592494.2477238243,2619330.618720649,3316601.288659944,3182419.682899432
2025-10-29,1492824.7935195079,1399910.9336900047,1154361.3583477766,1393702.3242627936,1232011.1579175019,1529952.3485364192,1605039.6072357185,1434666.0678887833,1939486.3315293873,1605039.6072357185,2656731.6255455334,3520144.588109107,3264729.598991129
2025-10-30,1502234.515985148,1399910.9336900047,1161637.6442550484,1393702.3242627936,1239776.8938035225,1539596.0971182208,1596556.7984438478,1429815.4159283403,1928461.2497008338,1596556.7984438478,2604118.0560759567,3481683.058198879,3289982.2078259517
2025-10-31,1496533.3311971426,1399910.9336900047,1157229.0710288777,1393702.3242627936,1235071.7714725805,1533753.1200363059,1603797.1818943683,1432875.0410433905,1935082.1695294196,1603797.1818943683,2620704.9717141693,3513174.9078811365,3304837.6386206993
2025-11-03,1489226.958459116,1399910.9336900047,1151579.2490302904,1393702.3242627936,1229041.9059610823,1526265.0329022012,1606381.642913623,1433473.2591825468,1935637.3762450286,1606381.642913623,2648038.723692253,3564100.2416008525,3350539.075981766
2025-11-04,1494706.738012636,1399910.9336900047,1155816.615529231,1393702.3242627936,1233564.3050947061,1531881.0982527798,1571124.382923491,1410148.22091808,1904167.8288015523,1571124.382923491,2552595.9275417277,3422938.403222843,3220200.2527338937
2025-11-05,1495260.25109885,1399910.9336900047,1156244.6323473058,1393702.3242627936,1234021.1130880013,1532448.377581121,1595698.0782394782,1425616.7594388055,1923364.7506036647,1595698.0782394782,2647162.257868979,3576807.269515908,3358990.766422033
2025-11-06,1493212.2526798577,1399910.9336900047,1154660.9701204288,1393702.3242627936,1232330.9235128085,1530349.4440662581,1580624.041388103,1412833.8148051328,1892663.4471560912,1580624.041388103,2614142.7145320643,3547356.2192786834,3319248.465766345
2025-11-07,1486016.5825590743,1399910.9336900047,1149096.7514854565,1393702.3242627936,1226392.4195999694,1522974.8127978218,1578974.7332661774,1412718.5060844384,1894714.7303024319,1578974.7332661774,2612816.5948346877,3545257.6958408803,3318694.768774241
2025-11-10,1491330.3081867297,1399910.9336900047,1153205.7129389746,1393702.3242627936,1230777.7763356045,1528420.694349898,1608434.722796516,1432145.1171335753,1915341.2169670921,1608434.722796516,2708569.4617810925,3685988.9304913017,3451243.35676122
2025-11-11,1523544.769804392,1399910.9336900047,1178116.2917509289,1393702.3242627936,1257364.0015453927,1561436.35125936,1605207.795676414,1436143.8186370197,1915994.0149857593,1605207.795676414,2664540.3920205245,3590733.222661131,3360910.174728104
2025-11-12,1513692.2368697808,1399910.9336900047,1170497.592389197,1393702.3242627936,1249232.8192647358,1551338.7792148856,1603277.0187801041,1435417.1450526079,1915924.7385636377,1603277.0187801041,2670858.171578909,3597002.161049166,3324371.9068368175
2025-11-13,1510813.9688214671,1399910.9336900047,1168271.904935208,1393702.3242627936,1246857.4176996,1548388.9267075106,1571413.9120706792,1414313.3922808997,1886361.0143658435,1571413.9120706792,2601258.791513942,3467229.740103502,3198664.7432320244
2025-11-14,1507824.998155911,1399910.9336900047,1165960.6141176042,1393702.3242627936,1244390.6545358053,1545325.6183344682,1570198.1421231502,1413315.9304680515,1881051.0038520773,1570198.1421231502,2616349.993877342,3493103.604673226,3205064.809696188
2025-11-17,1480426.1003883113,1399910.9336900047,1144773.7816229006,1393702.3242627936,1221778.6588676863,1517245.2915815746,1558837.4414833651,1404647.1463024172,1863317.686708697,1558837.4414833651,2613684.9090210935,3511048.657755652,3193336.244705303
2025-11-18,1480315.3977710686,1399910.9336900047,1144688.1782592856,1393702.3242627936,1221687.2972690274,1517131.8357159065,1545378.1320789622,1395557.114998101,1853820.5226595835,1545378.1320789622,2592504.1915347576,3452493.7825493687,3135654.6692471006
2025-11-19,1486514.7443366668,1399910.9336900047,1149481.9666217237,1393702.3242627936,1226803.5467939351,1523485.364193329,1555129.2391940227,1399718.2995955816,1854331.3041135364,1555129.2391940227,2601452.7413352407,3486597.086126905,3159776.918878568
2025-11-20,1473728.5920451204,1399910.9336900047,1139594.7781241955,1393702.3242627936,1216251.2821488131,1510381.2117086453,1513699.8866988646,1371195.1070085422,1813886.0852784675,1513699.8866988646,2520379.404053317,3352013.64765842,3005699.8266367936
2025-11-21,1502732.6777627408,1427462.2324413124,1162022.8593913158,1393702.3242627936,1240188.0209974884,1540106.6485137283,1530444.8915400542,1389396.0760500843,1837849.6959727125,1530444.8915400542,2559948.2445378494,3410910.2659674906,3051383.1995678027
2025-11-24,1527253.3074820268,1427462.2324413124,1180984.00443203,1393702.3242627936,1260424.6151004713,1565237.1227592467,1564473.8845555661,1411287.7505072237,1862982.1362891425,1564473.8845555661,2632874.155828684,3599853.4653957943,3206145.045018851
2025-11-25,1533065.1948872753,1427462.2324413124,1185478.1810218156,1393702.3242627936,1265221.0990300723,1571193.5557068302,1579507.9255743208,1424433.9695814021,1881420.527510754,1579507.9255743208,2681185.943498707,3651066.4559250423,3261725.445620706
2025-11-26,1536275.5707873171,1427462.2324413124,1187960.6785666496,1393702.3242627936,1267870.5853911852,1574483.7758112096,1590298.882462128,1431399.5052539476,1892870.4528345363,1590298.882462128,2695145.893363021,3674198.3643152905,3312921.513552043
2025-11-28,1543471.240908101,1427462.2324413124,1193524.8972016221,1393702.3242627936,1273809.0893040246,1581858.4070796461,1605613.4465794235,1441687.8772575718,1910853.120409601,1605613.4465794235,2719083.8488337835,3718424.7985281516,3396932.257536599
2025-12-01,1566995.5470722013,1427462.2324413124,1211715.6119698018,1393702.3242627936,1293223.429019076,1605967.7785341504,1596673.528170276,1432651.456667388,1904398.7028087243,1596673.528170276,2684513.397027456,3695716.041649058,3410661.6076591886
2025-12-02,1584099.1014362178,1427462.2324413124,1224941.3316483137,1393702.3242627936,1307338.7960119017,1623496.7097798956,1605538.8655714672,1439099.9793896442,1923477.582485476,1605538.8655714672,2675423.309868043,3729906.1998205003,3450311.727701447
2025-12-03,1572807.4344774494,1427462.2324413124,1216209.7885595872,1393702.3242627936,1298019.9129486769,1611924.2114817335,1619272.3815744496,1453397.3598513186,1943126.1171322726,1619272.3815744496,2669067.3815439553,3718753.8085999885,3464336.517894873
2025-12-04,1553711.233003062,1427462.2324413124,1201443.2083360062,1393702.3242627936,1282260.0371799879,1592353.0746539596,1606271.618806975,1442339.002067208,1938613.5802393304,1606271.618806975,2681935.8006778345,3705025.2224691566,3412508.144310609
2025-12-05,1543083.7817477507,1427462.2324413124,1193225.2854289697,1393702.3242627936,1273489.3237087177,1581461.311549807,1616722.0772799551,1446957.881153513,1947926.7441646322,1616722.0772799551,2732121.0388865285,3800912.428310013,3490318.6424162975
2025-12-08,1538157.515280445,1427462.2324413124,1189415.9357481038,1393702.3242627936,1269423.7325683893,1576412.5255275697,1609521.1235498893,1437993.2126061022,1935657.9228682998,1609521.1235498893,2703492.2513101776,3796644.930787028,3497743.8990876623
2025-12-09,1534227.5723683247,1427462.2324413124,1186377.0163397728,1393702.3242627936,1266180.3958159925,1572384.8422963468,1607107.825316846,1435691.864051538,1933969.5766445938,1607107.825316846,2706250.7691416466,3853003.2474001935,3508593.392203172
2025-12-10,1543083.7817477507,1427462.2324413124,1193225.2854289697,1393702.3242627936,1273489.3237087177,1581461.311549807,1630651.509249339,1453069.1180779035,1949711.5498981155,1630651.509249339,2793954.118719356,3936063.1250519594,3609754.017294025
2025-12-11,1538932.4336011447,1427462.2324413124,1190015.1592934085,1393702.3242627936,1270063.2637590026,1577206.7165872473,1631844.042903306,1453781.7347914309,1954879.242454208,1631844.042903306,2792819.054234579,3966181.469887031,3604781.1065108054
2025-12-12,1540316.21631668,1427462.2324413124,1191085.2013385955,1393702.3242627936,1271205.2837422409,1578624.9149081006,1608797.3092950361,1441334.550177389,1931003.750325704,1608797.3092950361,2746947.9523861697,3829474.0594248893,3466935.791984699
2025-12-15,1517234.7206215512,1427462.2324413124,1173236.900024876,1393702.3242627936,1252156.390421826,1554969.3669162695,1612409.6306919209,1446504.4192830182,1925187.4786159594,1612409.6306919209,2755886.3343212064,3817200.2978735673,3468306.0488112206
2025-12-16,1520002.2860526217,1427462.2324413124,1175376.98411525,1393702.3242627936,1254440.4303883025,1557805.763557976,1601850.8274450318,1436357.7828666158,1923526.5017493172,1601850.8274450318,2739195.579385219,3802409.9769379906,3457663.835198912
2025-12-17,1504669.9735644902,1427462.2324413124,1163520.9182545776,1393702.3242627936,1241786.8489740219,1542092.1261629225,1578107.3963983909,1420036.001104441,1898281.9894752272,1578107.3963983909,2724363.3707511155,3681058.0653304607,3364314.755570252
2025-12-18,1506607.2693662397,1429300.1215722517,1165018.9771178395,1393702.3242627936,1243385.6769505555,1544077.6038121171,1591156.1954038593,1427097.1438599206,1914591.00560466,1591156.1954038593,2735322.299106476,3702672.430113329,3369988.3024618244
2025-12-19,1514799.263042209,1437071.7670402224,1171353.6260253468,1393702.3242627936,1250146.4352513265,1552473.337871568,1610159.793187276,1440349.5080948984,1929950.3244414532,1610159.793187276,2760092.553316561,3791844.109880547,3472705.998352353
2025-12-22,1499854.4097144275,1437071.7670402224,1159797.171937327,1393702.3242627936,1237812.6194323527,1537156.7960063536,1618707.6049434443,1446168.5967028309,1939753.4229028625,1618707.6049434443,2804667.668852431,3819497.065926489,3498248.6980514517
2025-12-23,1499854.4097144275,1444443.5416137392,1165746.6057085667,1400851.6257748625,1244162.2505391578,1545041.9786702974,1616522.5593089422,1443781.454178384,1935739.800035698,1616522.5593089422,2797076.938084783,3848062.8209507368,3508309.8410430695
2025-12-24,1499854.4097144275,1452133.5222839548,1171952.8495706515,1408309.5302298982,1250785.9664419398,1553267.5289312457,1620387.2349946268,1446780.7176786119,1941326.1305625434,1620387.2349946268,2802631.6723227333,3874633.9370234,3529564.77451954
2025-12-26,1499854.4097144275,1452133.5222839548,1170197.9806165446,1406200.743452957,1248913.053669429,1550941.6836850464,1619218.693955671,1446258.6902088143,1942321.5789534436,1619218.693955671,2793688.6460238914,3864047.870462718,3528369.708888068
2025-12-29,1499854.4097144275,1452133.5222839548,1171738.841161614,1408052.361110759,1250557.5624452922,1552983.889267075,1614148.6608423004,1442973.776747039,1937113.4370200243,1614148.6608423004,2788724.614847564,3853328.252217425,3526746.0230370383
2025-12-30,1499854.4097144275,1452133.5222839548,1168828.3267987052,1404554.8610904664,1247451.268090884,1549126.3898343544,1608546.8072132904,1439256.8276115342,1932066.2834766065,1608546.8072132904,2773191.014119862,3830938.352553357,3507036.2647286844
2025-12-31,1499854.4097144275,1452133.5222839548,1163606.5216181925,1398279.9345834707,1241878.210572681,1542205.5820285908,1591979.834219618,1427606.2590517758,1913750.2232206021,1591979.834219618,2730791.087628613,3771998.900401252,3472122.233328171
2026-01-02,1499854.4097144275,1447593.2681312975,1159968.3786645567,1393908.059558105,1237995.3426296706,1537383.7077376898,1599285.3528535904,1428388.4854489067,1915414.3629689394,1599285.3528535904,2754745.937040551,3882030.145720036,3508591.636327035
2026-01-05,1499854.4097144275,1427562.7351048691,1143917.747986751,1374620.3756226674,1220865.0428810958,1516110.732924892,1616428.2137852674,1438311.1008036004,1933640.7241972971,1616428.2137852674,2817040.2109528007,3977536.85519121,3547491.21434677
2026-01-06,1499854.4097144275,1401389.5052836693,1122944.9239010853,1349417.8019470293,1220865.0428810958,1488314.04583617,1656968.184915909,1461346.7400845059,1967361.0935292887,1656968.184915909,2980040.525225997,4199761.569045758,3740045.776360994
2026-01-07,1499854.4097144275,1390546.3100720292,1114256.1824941663,1338976.7357099792,1220865.0428810958,1476798.2754708417,1648391.4769646018,1456528.6886730047,1960224.9344559705,1648391.4769646018,2909841.050565771,4149145.3753317357,3683710.1837337576
2026-01-08,1499854.4097144275,1383655.806710938,1114256.1824941663,1332341.7724361888,1220865.0428810958,1469480.3721352394,1644688.9256968694,1459378.5525850009,1952445.261364826,1644688.9256968694,2837178.765981883,4013548.689365363,3583439.700606613
2026-01-09,1499854.4097144275,1385418.4936172636,1114256.1824941663,1334039.0886225072,1220865.0428810958,1471352.3939187657,1662139.7573906227,1468207.9891032325,1968071.1147981372,1662139.7573906227,2943484.848320037,4278773.682429007,3693903.708549801
2026-01-12,1499854.4097144275,1390118.9920341321,1114256.1824941663,1338565.2651193566,1220865.0428810958,1476344.4520081687,1664386.6262087964,1468006.5074884729,1966556.5420843367,1664386.6262087964,2945941.2111068834,4315616.178943731,3731558.2008088403
2026-01-13,1499854.4097144275,1394392.1724131037,1114256.1824941663,1342679.971025583,1220865.0428810958,1480882.686634899,1657079.3406742075,1462838.2973039004,1960972.8905469673,1657079.3406742075,2920353.0225295536,4328523.568925548,3713160.377412618
2026-01-14,1499854.4097144275,1388569.964146755,1114256.1824941663,1337073.6842283492,1220865.0428810958,1474699.3419559791,1645157.972999177,1455699.56786324,1951094.942293421,1645157.972999177,2907311.189229287,4301622.10887259,3681697.5764146782
2026-01-15,1499854.4097144275,1379222.382067755,1114256.1824941663,1328072.7650584783,1220865.0428810958,1464771.9537100068,1651062.233462627,1459108.2090691482,1952608.7120371384,1651062.233462627,2971286.748562109,4418981.114814791,3723617.7780106426
2026-01-16,1499854.4097144275,1364907.227798201,1114256.1824941663,1314288.5002726193,1220865.0428810958,1449568.8677104607,1647647.528290167,1456396.9778081428,1947810.8936740512,1647647.528290167,3020527.632929259,4488034.521821181,3773012.423902014
2026-01-20,1499854.4097144275,1317741.9993653041,1114256.1824941663,1268872.4338326426,1220865.0428810958,1399478.103017926,1623649.1613188738,1437535.3772373982,1919190.2704065454,1623649.1613188738,2969087.52150671,4443328.421460523,3714849.9984492715
2026-01-21,1499854.4097144275,1322816.4010653328,1114256.1824941663,1273758.6470962868,1220865.0428810958,1404867.2566371683,1656076.9588173616,1460225.5992585388,1948899.0813649644,1656076.9588173616,3109542.1930558737,4637328.73915718,3882560.5944039314
2026-01-22,1499854.4097144275,1326555.4338969328,1114256.1824941663,1277359.0147642351,1220865.0428810958,1408838.211935557,1663040.9968766333,1464800.179931534,1961959.499846931,1663040.9968766333,3104593.746321837,4632029.093720221,3877788.021086865
2026-01-23,1499854.4097144275,1324899.5765000812,1114256.1824941663,1275764.5662255723,1220865.0428810958,1407079.646017699,1657477.3374379226,1462842.261888375,1959600.67080888,1657477.3374379226,3036703.5468959417,4544667.920440134,3793570.063506352
2026-01-26,1499854.4097144275,1364266.2507413554,1114256.1824941663,1313671.2943866854,1220865.0428810958,1448888.1325164512,1662602.8130393364,1467998.3065634351,1971550.7562835433,1662602.8130393364,3046269.430231531,4530304.421108509,3813269.28634301
2026-01-27,1499854.4097144275,1364266.2507413554,1114256.1824941663,1328381.3680014454,1220865.0428810958,1465112.3213070114,1674188.003254096,1472053.7626692133,1976795.1215287908,1674188.003254096,3145974.6362648946,4706481.023032967,3937228.042609313
2026-01-28,1499854.4097144275,1364266.2507413554,1114256.1824941663,1318968.9782409521,1220865.0428810958,1454731.109598366,1688566.2889019207,1474068.0863762475,1978837.5690992891,1688566.2889019207,3251489.4382373774,4922858.649768962,4092208.717021012
2026-01-29,1499854.4097144275,1364266.2507413554,1114256.1824941663,1328432.8018252733,1220865.0428810958,1465169.0492398455,1691067.0100190486,1476235.1691712127,1961609.1975861196,1691067.0100190486,3293746.720214234,4987189.412351016,4139276.878972118
2026-01-30,1499854.4097144275,1364266.2507413554,1114256.1824941663,1334604.8606846135,1220865.0428810958,1471976.401179941,1656955.3633547844,1460155.5295896726,1936893.5546414433,1656955.3633547844,3084177.869145882,4593715.215467969,3887081.620696198
2026-02-02,1499854.4097144275,1364266.2507413554,1114256.1824941663,1388764.6771753216,1220865.0428810958,1531710.9144542774,1679537.2554531295,1473609.6221596424,1946267.5154667376,1679537.2554531295,3193481.9911520467,4764832.01687282,4041721.3961035684
2026-02-03,1499854.4097144275,1364266.2507413554,1114256.1824941663,1386038.6845124466,1218468.6187755924,1528704.3340140686,1664877.330285851,1462351.651678766,1903908.1825854192,1664877.330285851,3192371.621446909,4712338.08541388,4032907.948415055
2026-02-04,1538870.2157560564,1364266.2507413554,1114256.1824941663,1422093.7950157574,1250164.7187370623,1568470.6149307918,1657269.9439868974,1461620.2048461728,1893384.906676689,1657269.9439868974,3049468.9020232097,4349508.645677313,3905681.938028817
2026-02-05,1535642.089150615,1364266.2507413554,1114256.1824941663,1419110.6332337433,1247542.2168857567,1565180.3948264127,1645053.3906570259,1453632.3143365637,1861293.1013851292,1645053.3906570259,3025523.911225583,4330707.034501462,3870780.904924444
2026-02-06,1547942.3646644522,1364266.2507413554,1114256.1824941663,1430477.5082996942,1257534.8532502144,1577717.2679827546,1678874.3493690616,1475793.0961613238,1902305.2131846533,1678874.3493690616,3157237.8112521996,4519521.176224507,3996693.559406708
2026-02-09,1528462.290321271,1364266.2507413554,1114256.1824941663,1430477.5082996942,1241709.4110440596,1557862.4914908102,1678772.6149239996,1475338.1177504067,1912219.749334665,1678772.6149239996,3131635.787310358,4520294.663437957,3975176.892859612
2026-02-10,1523230.4989262451,1364266.2507413554,1114256.1824941663,1430477.5082996942,1237459.149422978,1552530.065804402,1668392.1842601872,1472046.6563325091,1912199.081989426,1668392.1842601872,3032795.988209196,4428780.308981349,3910636.4388644365
2026-02-11,1533360.1375846993,1364266.2507413554,1114256.1824941663,1430477.5082996942,1245688.3793701786,1562854.5495802134,1692500.5721124145,1487799.3125875385,1912840.6978583706,1692500.5721124145,3135532.605237243,4547063.812474758,4054601.271608678
2026-02-12,1456719.9593830975,1364266.2507413554,1114256.1824941663,1430477.5082996942,1183426.56817625,1484740.1860676196,1674762.3692117198,1475439.8687445908,1875249.44307406,1674762.3692117198,3119948.0387091762,4521962.577840467,4027906.8489075433
2026-02-13,1423603.8329996893,1364266.2507413554,1114256.1824941663,1430477.5082996942,1156523.3164257868,1450987.0660313137,1691498.5151786797,1490846.1590381735,1898067.1609594584,1691498.5151786797,3152279.8829972534,4579157.246991045,4084651.7215124825
2026-02-17,1423603.8329996893,1364266.2507413554,1114256.1824941663,1430477.5082996942,1193147.911245745,1496936.6916269572,1684309.499256872,1485642.4380153997,1889843.7967329535,1684309.499256872,3134138.1454323167,4585100.898334723,4077521.6280427696
2026-02-18,1426139.431762422,1364266.2507413554,1114256.1824941663,1430477.5082996942,1195273.0420562858,1499602.9044701613,1693639.2136575822,1490759.1467562476,1908243.0414398212,1693639.2136575822,3188015.40229422,4698773.626878019,4166762.4715287364
2026-02-19,1405800.6927507163,1364266.2507413554,1114256.1824941663,1430477.5082996942,1178226.7800227988,1478216.473791695,1685324.2147692847,1486345.971633374,1901366.5427593244,1685324.2147692847,3147857.3988950388,4648334.926585675,4106257.916220659
2026-02-20,1427380.2566888654,1364266.2507413554,1114256.1824941663,1430477.5082996942,1196312.9996869757,1500907.646925346,1698054.1650623726,1498159.55047657,1907999.182306136,1698054.1650623726,3177021.788794274,4723620.631182082,4173320.325809305
2026-02-23,1436012.082264125,1364266.2507413554,1114256.1824941663,1430477.5082996942,1203547.4875526465,1509984.1161788066,1691459.22384311,1496613.5522171245,1873157.2717489535,1691459.22384311,3162287.9775946895,4712833.078486175,4126834.511163125
2026-02-24,1468165.6325319668,1364266.2507413554,1139205.3403860636,1430477.5082996942,1230495.95485227,1543793.9641479463,1704009.650674901,1506802.3211281458,1897877.4398000787,1704009.650674901,3156268.052028372,4714194.067766786,4100666.4451025524
2026-02-25,1479440.9546896499,1364266.2507413554,1147954.2900494975,1430477.5082996942,1239946.0046268024,1555650.102110279,1711093.8700283468,1507516.3942898747,1923608.9893666846,1711093.8700283468,3226110.405184151,4826210.127440226,4202881.376870023
2026-02-26,1472535.494229442,1364266.2507413554,1142596.081643184,1430477.5082996942,1234158.4143342657,1548388.9267075106,1697449.3827451905,1499881.3479732235,1928852.215156582,1697449.3827451905,3158712.304280407,4695704.992099704,4107992.0622866047
2026-02-27,1425222.3002950505,1364266.2507413554,1105883.9818593014,1430477.5082996942,1194504.377720558,1498638.529611981,1704781.731887255,1509353.4230657723,1928294.7711485147,1704781.731887255,3144112.573747561,4661773.038589639,4092553.8305769516
2026-03-02,1428135.5414267008,1364266.2507413554,1108144.476030715,1430477.5082996942,1196946.0173752222,1501701.837985024,1694849.8486712363,1501241.1626978174,1925070.1210195017,1694849.8486712363,3098203.427439559,4636553.961595235,4044112.788965494
2026-03-03,1422902.4971716995,1364266.2507413554,1104083.9587228054,1430477.5082996942,1192560.1091066592,1496199.2285001136,1657310.063569845,1474628.752351252,1908338.132386468,1657310.063569845,2992177.606939611,4456290.631249098,3842721.764329287
2026-03-04,1422902.4971716995,1364266.2507413554,1098935.0553323636,1430477.5082996942,1186998.5965599245,1489221.6927615155,1676548.0246907559,1487564.1112384999,1935757.5845783427,1676548.0246907559,3003749.3803398316,4550494.453788423,3925641.3879932505
2026-03-05,1422902.4971716995,1364266.2507413554,1089600.0516244892,1430477.5082996942,1176915.5290971464,1476571.3637395054,1650284.79599112,1465051.281364348,1931508.9995740915,1650284.79599112,2958185.1885002325,4432231.280314918,3832055.9555795765
2026-03-06,1422902.4971716995,1349433.2817851985,1077753.3877261553,1430477.5082996942,1164119.528684741,1460517.3587474471,1617359.1604619646,1444648.1416329092,1910929.5959357389,1617359.1604619646,2912296.294368408,4219531.87305873,3656087.8829332176
2026-03-09,1422902.4971716995,1362117.304708838,1087883.7504943418,1430477.5082996942,1175061.691581568,1474245.5184933061,1638718.8240992702,1455768.8756354132,1926826.3489041738,1638718.8240992702,2908370.87244553,4297705.320018082,3760565.1311742887
2026-03-10,1422902.4971716995,1362117.304708838,1091860.5457959026,1430477.5082996942,1179357.16875181,1479634.6721125483,1644166.5054909158,1456756.8047374098,1910987.3635856854,1644166.5054909158,2890205.332207599,4327765.232936637,3801190.0674095224
2026-03-11,1422902.4971716995,1362117.304708838,1091776.8237895542,1430477.5082996942,1179266.7376534892,1479521.2162468801,1642115.030340902,1452223.1726026342,1903613.01216516,1642115.030340902,2843757.0083807413,4342039.745367202,3811343.654536903
2026-03-12,1422902.4971716995,1362117.304708838,1070637.0171865202,1430477.5082996942,1156432.8853274658,1450873.6101656454,1609720.8372945515,1429186.2465245586,1863912.8170575297,1609720.8372945515,2809240.3943277206,4192521.164994645,3679702.467302547
2026-03-13,1422902.4971716995,1332079.9978643046,1047027.4113962014,1430477.5082996942,1130931.3156009766,1418879.0560471977,1616393.0710737088,1432545.806632651,1862525.469419255,1616393.0710737088,2830060.8956682296,4233645.669348462,3726206.596217988
2026-03-16,1422902.4971716995,1346459.559651581,1058329.882253269,1445919.2533517058,1130931.3156009766,1434195.5979124121,1635104.423484968,1444442.742451118,1883885.8127101623,1635104.423484968,2846149.379935182,4320421.66024627,3802712.6635754555
2026-03-17,1422902.4971716995,1353968.8863627145,1064232.2837008487,1453983.2757677564,1130931.3156009766,1442194.236442024,1649315.7404092813,1451123.8696879135,1897666.9613429748,1649315.7404092813,2887031.2636728,4448752.158510402,3907111.3856784874
2026-03-18,1422902.4971716995,1331121.3604118195,1046273.9133390635,1429448.0586295598,1130931.3156009766,1417857.9532561833,1620485.3077675297,1423494.4459959797,1868206.7762029523,1620485.3077675297,2872956.9023846607,4400681.689502707,3884146.124740361
2026-03-19,1422902.4971716995,1325902.1120594006,1046273.9133390635,1423843.2770921632,1130931.3156009766,1412298.615838439,1627243.3011126784,1424441.0212636506,1867920.180424826,1627243.3011126784,2855638.435305117,4465181.676752273,3979893.3955464656
2026-03-20,1422902.4971716995,1320736.1213432308,1046273.9133390635,1418295.6872031072,1130931.3156009766,1406796.0063535285,1598508.7916849342,1401668.4650138232,1840572.3206602854,1598508.7916849342,2785660.2644307017,4377191.258138725,3864379.233128071
2026-03-23,1422902.4971716995,1339376.2940304414,1046273.9133390635,1438312.7641223816,1130931.3156009766,1426650.7828454731,1613665.927374169,1414129.9623108595,1861239.5330494863,1613665.927374169,2862460.8054485684,4389028.821604701,3888698.033539403
2026-03-24,1422902.4971716995,1339376.2940304414,1046273.9133390635,1439170.638847493,1130931.3156009766,1427501.701837985,1614095.6319714482,1415176.5156885358,1842217.7978390348,1614095.6319714482,2806519.5330404486,4477197.157407459,3951055.098394353
2026-03-25,1422902.4971716995,1339376.2940304414,1046273.9133390635,1444775.4203848902,1130931.3156009766,1433061.0392557294,1626310.0588186965,1425287.81686061,1855469.5196097994,1626310.0588186965,2860958.5413730396,4425112.55883807,3919715.7101004836
2026-03-26,1422902.4971716995,1339376.2940304414,1046273.9133390635,1446319.594890091,1130931.3156009766,1434592.6934422508,1609548.592492967,1418497.6424041018,1832520.5957151202,1609548.592492967,2795698.7859101063,4241701.826968795,3721592.4355630954
2026-03-27,1422902.4971716995,1339376.2940304414,1046273.9133390635,1422928.2107187107,1130931.3156009766,1411390.9689130927,1586174.331463292,1402317.9463713707,1795165.6371767367,1586174.331463292,2718026.6377113103,4230786.605056368,3688599.694343534
2026-03-30,1422902.4971716995,1327694.4348743076,1046273.9133390635,1410517.6230287603,1130931.3156009766,1399081.007488087,1567862.8443885518,1396879.732451882,1791092.1586014011,1567862.8443885518,2664715.400068596,4092216.38441694,3517820.243105861
2026-03-31,1422902.4971716995,1366239.1867443155,1046273.9133390635,1451466.843240762,1130931.3156009766,1439698.2073973224,1604724.0201973363,1419799.4209522961,1839297.1704192127,1604724.0201973363,2765181.609376342,4267784.20069583,3681250.426973357
2026-04-01,1422902.4971716995,1366239.1867443155,1046273.9133390635,1461990.1065354662,1130931.3156009766,1450136.1470388018,1613534.402679091,1420673.6977140645,1851635.8902414693,1613534.402679091,2782384.139598379,4421824.011290672,3774789.7763327067
2026-04-02,1422902.4971716995,1366239.1867443155,1046273.9133390635,1463648.664337349,1130931.3156009766,1451781.2570909916,1618520.891170041,1428805.8398958112,1853047.5911370765,1618520.891170041,2790009.5087137446,4397438.241188506,3778583.073971252
2026-04-06,1422902.4971716995,1366239.1867443155,1046273.9133390635,1480463.0089495396,1130931.3156009766,1468459.269344225,1619469.409909262,1427723.2895664114,1866287.4412301416,1619469.409909262,2795055.1685122596,4503305.2911313465,3839368.6119576315
2026-04-07,1393439.6315886031,1366239.1867443155,1046273.9133390635,1449808.2854388792,1130931.3156009766,1438053.0973451326,1617028.6371305573,1425253.9683316748,1860377.859850845,1617028.6371305573,2803024.99900567,4549318.198121805,3839368.6119576315
2026-04-08,1393439.6315886031,1366239.1867443155,1046273.9133390635,1480691.7755429025,1130931.3156009766,1468686.1810755613,1645812.2909415723,1441319.7747757803,1905009.5863572615,1645812.2909415723,2852940.202832518,4885662.886997045,3839368.6119576315
2026-04-09,1393439.6315886031,1366239.1867443155,1046273.9133390635,1489785.2476290874,1130931.3156009766,1477705.922396188,1633704.7386671866,1433197.770170187,1895355.753382762,1633704.7386671866,2840854.037305895,5016092.365779852,3839368.6119576315
2026-04-10,1393439.6315886031,1366239.1867443155,1046273.9133390635,1489728.0559807466,1130931.3156009766,1477649.1944633538,1621029.3562529697,1420277.744307656,1881315.3992771918,1621029.3562529697,2859045.51421631,5045572.882428358,3839368.6119576315
